<?xml version="1.0" encoding="UTF-8" ?>
<!DOCTYPE mapper PUBLIC "-//mybatis.org//DTD Mapper 3.0//EN" "http://mybatis.org/dtd/mybatis-3-mapper.dtd" >
<mapper namespace="com.smartcommunity.mapper.AccountRecordMapper" >
  <resultMap id="BaseResultMap" type="com.smartcommunity.pojo.AccountRecord" >
    <!--
      WARNING - @mbggenerated
      This element is automatically generated by MyBatis Generator, do not modify.
      This element was generated on Sat Jan 24 19:27:37 CST 2015.
    -->
    <id column="id" property="id" jdbcType="INTEGER" />
    <result column="meterid" property="meterid" jdbcType="INTEGER" />
    <result column="roomnumber" property="roomnumber" jdbcType="VARCHAR" />
    <result column="date" property="date" jdbcType="TIMESTAMP" />
    <result column="shouldpay" property="shouldpay" jdbcType="REAL" />
    <result column="actualpay" property="actualpay" jdbcType="REAL" />
    <result column="type" property="type" jdbcType="INTEGER" />
    <result column="param" property="param" jdbcType="VARCHAR" />
  </resultMap>
  <sql id="Example_Where_Clause" >
    <!--
      WARNING - @mbggenerated
      This element is automatically generated by MyBatis Generator, do not modify.
      This element was generated on Sat Jan 24 19:27:37 CST 2015.
    -->
    <where >
      <foreach collection="oredCriteria" item="criteria" separator="or" >
        <if test="criteria.valid" >
          <trim prefix="(" suffix=")" prefixOverrides="and" >
            <foreach collection="criteria.criteria" item="criterion" >
              <choose >
                <when test="criterion.noValue" >
                  and ${criterion.condition}
                </when>
                <when test="criterion.singleValue" >
                  and ${criterion.condition} #{criterion.value}
                </when>
                <when test="criterion.betweenValue" >
                  and ${criterion.condition} #{criterion.value} and #{criterion.secondValue}
                </when>
                <when test="criterion.listValue" >
                  and ${criterion.condition}
                  <foreach collection="criterion.value" item="listItem" open="(" close=")" separator="," >
                    #{listItem}
                  </foreach>
                </when>
              </choose>
            </foreach>
          </trim>
        </if>
      </foreach>
    </where>
  </sql>
  <sql id="Update_By_Example_Where_Clause" >
    <!--
      WARNING - @mbggenerated
      This element is automatically generated by MyBatis Generator, do not modify.
      This element was generated on Sat Jan 24 19:27:37 CST 2015.
    -->
    <where >
      <foreach collection="example.oredCriteria" item="criteria" separator="or" >
        <if test="criteria.valid" >
          <trim prefix="(" suffix=")" prefixOverrides="and" >
            <foreach collection="criteria.criteria" item="criterion" >
              <choose >
                <when test="criterion.noValue" >
                  and ${criterion.condition}
                </when>
                <when test="criterion.singleValue" >
                  and ${criterion.condition} #{criterion.value}
                </when>
                <when test="criterion.betweenValue" >
                  and ${criterion.condition} #{criterion.value} and #{criterion.secondValue}
                </when>
                <when test="criterion.listValue" >
                  and ${criterion.condition}
                  <foreach collection="criterion.value" item="listItem" open="(" close=")" separator="," >
                    #{listItem}
                  </foreach>
                </when>
              </choose>
            </foreach>
          </trim>
        </if>
      </foreach>
    </where>
  </sql>
  <sql id="Base_Column_List" >
    <!--
      WARNING - @mbggenerated
      This element is automatically generated by MyBatis Generator, do not modify.
      This element was generated on Sat Jan 24 19:27:37 CST 2015.
    -->
    id, meterid, roomnumber, date, shouldpay, actualpay, type, param
  </sql>
  <select id="selectByExample" resultMap="BaseResultMap" parameterType="com.smartcommunity.pojo.AccountRecordExample" >
    <!--
      WARNING - @mbggenerated
      This element is automatically generated by MyBatis Generator, do not modify.
      This element was generated on Sat Jan 24 19:27:37 CST 2015.
    -->
    select
    <if test="distinct" >
      distinct
    </if>
    <include refid="Base_Column_List" />
    from account_record
    <if test="_parameter != null" >
      <include refid="Example_Where_Clause" />
    </if>
    <if test="orderByClause != null" >
      order by ${orderByClause}
    </if>
  </select>
  <select id="selectByPrimaryKey" resultMap="BaseResultMap" parameterType="java.lang.Integer" >
    <!--
      WARNING - @mbggenerated
      This element is automatically generated by MyBatis Generator, do not modify.
      This element was generated on Sat Jan 24 19:27:37 CST 2015.
    -->
    select 
    <include refid="Base_Column_List" />
    from account_record
    where id = #{id,jdbcType=INTEGER}
  </select>
  <delete id="deleteByPrimaryKey" parameterType="java.lang.Integer" >
    <!--
      WARNING - @mbggenerated
      This element is automatically generated by MyBatis Generator, do not modify.
      This element was generated on Sat Jan 24 19:27:37 CST 2015.
    -->
    delete from account_record
    where id = #{id,jdbcType=INTEGER}
  </delete>
  <delete id="deleteByExample" parameterType="com.smartcommunity.pojo.AccountRecordExample" >
    <!--
      WARNING - @mbggenerated
      This element is automatically generated by MyBatis Generator, do not modify.
      This element was generated on Sat Jan 24 19:27:37 CST 2015.
    -->
    delete from account_record
    <if test="_parameter != null" >
      <include refid="Example_Where_Clause" />
    </if>
  </delete>
  <insert id="insert" parameterType="com.smartcommunity.pojo.AccountRecord" >
    <!--
      WARNING - @mbggenerated
      This element is automatically generated by MyBatis Generator, do not modify.
      This element was generated on Sat Jan 24 19:27:37 CST 2015.
    -->
    insert into account_record (id, meterid, roomnumber, 
      date, shouldpay, actualpay, 
      type, param)
    values (#{id,jdbcType=INTEGER}, #{meterid,jdbcType=INTEGER}, #{roomnumber,jdbcType=VARCHAR}, 
      #{date,jdbcType=TIMESTAMP}, #{shouldpay,jdbcType=REAL}, #{actualpay,jdbcType=REAL}, 
      #{type,jdbcType=INTEGER}, #{param,jdbcType=VARCHAR})
  </insert>
  <insert id="insertSelective" parameterType="com.smartcommunity.pojo.AccountRecord" >
    <!--
      WARNING - @mbggenerated
      This element is automatically generated by MyBatis Generator, do not modify.
      This element was generated on Sat Jan 24 19:27:37 CST 2015.
    -->
    insert into account_record
    <trim prefix="(" suffix=")" suffixOverrides="," >
      <if test="id != null" >
        id,
      </if>
      <if test="meterid != null" >
        meterid,
      </if>
      <if test="roomnumber != null" >
        roomnumber,
      </if>
      <if test="date != null" >
        date,
      </if>
      <if test="shouldpay != null" >
        shouldpay,
      </if>
      <if test="actualpay != null" >
        actualpay,
      </if>
      <if test="type != null" >
        type,
      </if>
      <if test="param != null" >
        param,
      </if>
    </trim>
    <trim prefix="values (" suffix=")" suffixOverrides="," >
      <if test="id != null" >
        #{id,jdbcType=INTEGER},
      </if>
      <if test="meterid != null" >
        #{meterid,jdbcType=INTEGER},
      </if>
      <if test="roomnumber != null" >
        #{roomnumber,jdbcType=VARCHAR},
      </if>
      <if test="date != null" >
        #{date,jdbcType=TIMESTAMP},
      </if>
      <if test="shouldpay != null" >
        #{shouldpay,jdbcType=REAL},
      </if>
      <if test="actualpay != null" >
        #{actualpay,jdbcType=REAL},
      </if>
      <if test="type != null" >
        #{type,jdbcType=INTEGER},
      </if>
      <if test="param != null" >
        #{param,jdbcType=VARCHAR},
      </if>
    </trim>
  </insert>
  <select id="countByExample" parameterType="com.smartcommunity.pojo.AccountRecordExample" resultType="java.lang.Integer" >
    <!--
      WARNING - @mbggenerated
      This element is automatically generated by MyBatis Generator, do not modify.
      This element was generated on Sat Jan 24 19:27:37 CST 2015.
    -->
    select count(*) from account_record
    <if test="_parameter != null" >
      <include refid="Example_Where_Clause" />
    </if>
  </select>
  <update id="updateByExampleSelective" parameterType="map" >
    <!--
      WARNING - @mbggenerated
      This element is automatically generated by MyBatis Generator, do not modify.
      This element was generated on Sat Jan 24 19:27:37 CST 2015.
    -->
    update account_record
    <set >
      <if test="record.id != null" >
        id = #{record.id,jdbcType=INTEGER},
      </if>
      <if test="record.meterid != null" >
        meterid = #{record.meterid,jdbcType=INTEGER},
      </if>
      <if test="record.roomnumber != null" >
        roomnumber = #{record.roomnumber,jdbcType=VARCHAR},
      </if>
      <if test="record.date != null" >
        date = #{record.date,jdbcType=TIMESTAMP},
      </if>
      <if test="record.shouldpay != null" >
        shouldpay = #{record.shouldpay,jdbcType=REAL},
      </if>
      <if test="record.actualpay != null" >
        actualpay = #{record.actualpay,jdbcType=REAL},
      </if>
      <if test="record.type != null" >
        type = #{record.type,jdbcType=INTEGER},
      </if>
      <if test="record.param != null" >
        param = #{record.param,jdbcType=VARCHAR},
      </if>
    </set>
    <if test="_parameter != null" >
      <include refid="Update_By_Example_Where_Clause" />
    </if>
  </update>
  <update id="updateByExample" parameterType="map" >
    <!--
      WARNING - @mbggenerated
      This element is automatically generated by MyBatis Generator, do not modify.
      This element was generated on Sat Jan 24 19:27:37 CST 2015.
    -->
    update account_record
    set id = #{record.id,jdbcType=INTEGER},
      meterid = #{record.meterid,jdbcType=INTEGER},
      roomnumber = #{record.roomnumber,jdbcType=VARCHAR},
      date = #{record.date,jdbcType=TIMESTAMP},
      shouldpay = #{record.shouldpay,jdbcType=REAL},
      actualpay = #{record.actualpay,jdbcType=REAL},
      type = #{record.type,jdbcType=INTEGER},
      param = #{record.param,jdbcType=VARCHAR}
    <if test="_parameter != null" >
      <include refid="Update_By_Example_Where_Clause" />
    </if>
  </update>
  <update id="updateByPrimaryKeySelective" parameterType="com.smartcommunity.pojo.AccountRecord" >
    <!--
      WARNING - @mbggenerated
      This element is automatically generated by MyBatis Generator, do not modify.
      This element was generated on Sat Jan 24 19:27:37 CST 2015.
    -->
    update account_record
    <set >
      <if test="meterid != null" >
        meterid = #{meterid,jdbcType=INTEGER},
      </if>
      <if test="roomnumber != null" >
        roomnumber = #{roomnumber,jdbcType=VARCHAR},
      </if>
      <if test="date != null" >
        date = #{date,jdbcType=TIMESTAMP},
      </if>
      <if test="shouldpay != null" >
        shouldpay = #{shouldpay,jdbcType=REAL},
      </if>
      <if test="actualpay != null" >
        actualpay = #{actualpay,jdbcType=REAL},
      </if>
      <if test="type != null" >
        type = #{type,jdbcType=INTEGER},
      </if>
      <if test="param != null" >
        param = #{param,jdbcType=VARCHAR},
      </if>
    </set>
    where id = #{id,jdbcType=INTEGER}
  </update>
  <update id="updateByPrimaryKey" parameterType="com.smartcommunity.pojo.AccountRecord" >
    <!--
      WARNING - @mbggenerated
      This element is automatically generated by MyBatis Generator, do not modify.
      This element was generated on Sat Jan 24 19:27:37 CST 2015.
    -->
    update account_record
    set meterid = #{meterid,jdbcType=INTEGER},
      roomnumber = #{roomnumber,jdbcType=VARCHAR},
      date = #{date,jdbcType=TIMESTAMP},
      shouldpay = #{shouldpay,jdbcType=REAL},
      actualpay = #{actualpay,jdbcType=REAL},
      type = #{type,jdbcType=INTEGER},
      param = #{param,jdbcType=VARCHAR}
    where id = #{id,jdbcType=INTEGER}
  </update>
</mapper>