<?xml version="1.0" encoding="UTF-8" ?>
<!DOCTYPE mapper PUBLIC "-//mybatis.org//DTD Mapper 3.0//EN" "http://mybatis.org/dtd/mybatis-3-mapper.dtd" >
<mapper namespace="com.smartcommunity.mapper.BuildingMapper" >
  <resultMap id="BaseResultMap" type="com.smartcommunity.pojo.Building" >
    <!--
      WARNING - @mbggenerated
      This element is automatically generated by MyBatis Generator, do not modify.
      This element was generated on Wed Jan 14 16:58:22 CST 2015.
    -->
    <id column="id" property="id" jdbcType="INTEGER" />
    <result column="number" property="number" jdbcType="INTEGER" />
    <result column="manager" property="manager" jdbcType="VARCHAR" />
    <result column="name" property="name" jdbcType="VARCHAR" />
    <result column="address" property="address" jdbcType="VARCHAR" />
    <result column="type" property="type" jdbcType="VARCHAR" />
    <result column="struct" property="struct" jdbcType="VARCHAR" />
    <result column="orientation" property="orientation" jdbcType="VARCHAR" />
    <result column="remarks" property="remarks" jdbcType="VARCHAR" />
    <result column="completiondate" property="completiondate" jdbcType="DATE" />
  </resultMap>
  <sql id="Example_Where_Clause" >
    <!--
      WARNING - @mbggenerated
      This element is automatically generated by MyBatis Generator, do not modify.
      This element was generated on Wed Jan 14 16:58:22 CST 2015.
    -->
    <where >
      <foreach collection="oredCriteria" item="criteria" separator="or" >
        <if test="criteria.valid" >
          <trim prefix="(" suffix=")" prefixOverrides="and" >
            <foreach collection="criteria.criteria" item="criterion" >
              <choose >
                <when test="criterion.noValue" >
                  and ${criterion.condition}
                </when>
                <when test="criterion.singleValue" >
                  and ${criterion.condition} #{criterion.value}
                </when>
                <when test="criterion.betweenValue" >
                  and ${criterion.condition} #{criterion.value} and #{criterion.secondValue}
                </when>
                <when test="criterion.listValue" >
                  and ${criterion.condition}
                  <foreach collection="criterion.value" item="listItem" open="(" close=")" separator="," >
                    #{listItem}
                  </foreach>
                </when>
              </choose>
            </foreach>
          </trim>
        </if>
      </foreach>
    </where>
  </sql>
  <sql id="Update_By_Example_Where_Clause" >
    <!--
      WARNING - @mbggenerated
      This element is automatically generated by MyBatis Generator, do not modify.
      This element was generated on Wed Jan 14 16:58:22 CST 2015.
    -->
    <where >
      <foreach collection="example.oredCriteria" item="criteria" separator="or" >
        <if test="criteria.valid" >
          <trim prefix="(" suffix=")" prefixOverrides="and" >
            <foreach collection="criteria.criteria" item="criterion" >
              <choose >
                <when test="criterion.noValue" >
                  and ${criterion.condition}
                </when>
                <when test="criterion.singleValue" >
                  and ${criterion.condition} #{criterion.value}
                </when>
                <when test="criterion.betweenValue" >
                  and ${criterion.condition} #{criterion.value} and #{criterion.secondValue}
                </when>
                <when test="criterion.listValue" >
                  and ${criterion.condition}
                  <foreach collection="criterion.value" item="listItem" open="(" close=")" separator="," >
                    #{listItem}
                  </foreach>
                </when>
              </choose>
            </foreach>
          </trim>
        </if>
      </foreach>
    </where>
  </sql>
  <sql id="Base_Column_List" >
    <!--
      WARNING - @mbggenerated
      This element is automatically generated by MyBatis Generator, do not modify.
      This element was generated on Wed Jan 14 16:58:22 CST 2015.
    -->
    id, number, manager, name, address, type, struct, orientation, remarks, completiondate
  </sql>
  <select id="selectByExample" resultMap="BaseResultMap" parameterType="com.smartcommunity.pojo.BuildingExample" >
    <!--
      WARNING - @mbggenerated
      This element is automatically generated by MyBatis Generator, do not modify.
      This element was generated on Wed Jan 14 16:58:22 CST 2015.
    -->
    select
    <if test="distinct" >
      distinct
    </if>
    <include refid="Base_Column_List" />
    from building
    <if test="_parameter != null" >
      <include refid="Example_Where_Clause" />
    </if>
    <if test="orderByClause != null" >
      order by ${orderByClause}
    </if>
  </select>
  <select id="selectByPrimaryKey" resultMap="BaseResultMap" parameterType="java.lang.Integer" >
    <!--
      WARNING - @mbggenerated
      This element is automatically generated by MyBatis Generator, do not modify.
      This element was generated on Wed Jan 14 16:58:22 CST 2015.
    -->
    select 
    <include refid="Base_Column_List" />
    from building
    where id = #{id,jdbcType=INTEGER}
  </select>
  <delete id="deleteByPrimaryKey" parameterType="java.lang.Integer" >
    <!--
      WARNING - @mbggenerated
      This element is automatically generated by MyBatis Generator, do not modify.
      This element was generated on Wed Jan 14 16:58:22 CST 2015.
    -->
    delete from building
    where id = #{id,jdbcType=INTEGER}
  </delete>
  <delete id="deleteByExample" parameterType="com.smartcommunity.pojo.BuildingExample" >
    <!--
      WARNING - @mbggenerated
      This element is automatically generated by MyBatis Generator, do not modify.
      This element was generated on Wed Jan 14 16:58:22 CST 2015.
    -->
    delete from building
    <if test="_parameter != null" >
      <include refid="Example_Where_Clause" />
    </if>
  </delete>
  <insert id="insert" parameterType="com.smartcommunity.pojo.Building" >
    <!--
      WARNING - @mbggenerated
      This element is automatically generated by MyBatis Generator, do not modify.
      This element was generated on Wed Jan 14 16:58:22 CST 2015.
    -->
    insert into building (id, number, manager, 
      name, address, type, 
      struct, orientation, remarks, 
      completiondate)
    values (#{id,jdbcType=INTEGER}, #{number,jdbcType=INTEGER}, #{manager,jdbcType=VARCHAR}, 
      #{name,jdbcType=VARCHAR}, #{address,jdbcType=VARCHAR}, #{type,jdbcType=VARCHAR}, 
      #{struct,jdbcType=VARCHAR}, #{orientation,jdbcType=VARCHAR}, #{remarks,jdbcType=VARCHAR}, 
      #{completiondate,jdbcType=DATE})
  </insert>
  <insert id="insertSelective" parameterType="com.smartcommunity.pojo.Building" >
    <!--
      WARNING - @mbggenerated
      This element is automatically generated by MyBatis Generator, do not modify.
      This element was generated on Wed Jan 14 16:58:22 CST 2015.
    -->
    insert into building
    <trim prefix="(" suffix=")" suffixOverrides="," >
      <if test="id != null" >
        id,
      </if>
      <if test="number != null" >
        number,
      </if>
      <if test="manager != null" >
        manager,
      </if>
      <if test="name != null" >
        name,
      </if>
      <if test="address != null" >
        address,
      </if>
      <if test="type != null" >
        type,
      </if>
      <if test="struct != null" >
        struct,
      </if>
      <if test="orientation != null" >
        orientation,
      </if>
      <if test="remarks != null" >
        remarks,
      </if>
      <if test="completiondate != null" >
        completiondate,
      </if>
    </trim>
    <trim prefix="values (" suffix=")" suffixOverrides="," >
      <if test="id != null" >
        #{id,jdbcType=INTEGER},
      </if>
      <if test="number != null" >
        #{number,jdbcType=INTEGER},
      </if>
      <if test="manager != null" >
        #{manager,jdbcType=VARCHAR},
      </if>
      <if test="name != null" >
        #{name,jdbcType=VARCHAR},
      </if>
      <if test="address != null" >
        #{address,jdbcType=VARCHAR},
      </if>
      <if test="type != null" >
        #{type,jdbcType=VARCHAR},
      </if>
      <if test="struct != null" >
        #{struct,jdbcType=VARCHAR},
      </if>
      <if test="orientation != null" >
        #{orientation,jdbcType=VARCHAR},
      </if>
      <if test="remarks != null" >
        #{remarks,jdbcType=VARCHAR},
      </if>
      <if test="completiondate != null" >
        #{completiondate,jdbcType=DATE},
      </if>
    </trim>
  </insert>
  <select id="countByExample" parameterType="com.smartcommunity.pojo.BuildingExample" resultType="java.lang.Integer" >
    <!--
      WARNING - @mbggenerated
      This element is automatically generated by MyBatis Generator, do not modify.
      This element was generated on Wed Jan 14 16:58:22 CST 2015.
    -->
    select count(*) from building
    <if test="_parameter != null" >
      <include refid="Example_Where_Clause" />
    </if>
  </select>
  <update id="updateByExampleSelective" parameterType="map" >
    <!--
      WARNING - @mbggenerated
      This element is automatically generated by MyBatis Generator, do not modify.
      This element was generated on Wed Jan 14 16:58:22 CST 2015.
    -->
    update building
    <set >
      <if test="record.id != null" >
        id = #{record.id,jdbcType=INTEGER},
      </if>
      <if test="record.number != null" >
        number = #{record.number,jdbcType=VARCHAR},
      </if>
      <if test="record.manager != null" >
        manager = #{record.manager,jdbcType=VARCHAR},
      </if>
      <if test="record.name != null" >
        name = #{record.name,jdbcType=VARCHAR},
      </if>
      <if test="record.address != null" >
        address = #{record.address,jdbcType=VARCHAR},
      </if>
      <if test="record.type != null" >
        type = #{record.type,jdbcType=VARCHAR},
      </if>
      <if test="record.struct != null" >
        struct = #{record.struct,jdbcType=VARCHAR},
      </if>
      <if test="record.orientation != null" >
        orientation = #{record.orientation,jdbcType=VARCHAR},
      </if>
      <if test="record.remarks != null" >
        remarks = #{record.remarks,jdbcType=VARCHAR},
      </if>
      <if test="record.completiondate != null" >
        completiondate = #{record.completiondate,jdbcType=DATE},
      </if>
    </set>
    <if test="_parameter != null" >
      <include refid="Update_By_Example_Where_Clause" />
    </if>
  </update>
  <update id="updateByExample" parameterType="map" >
    <!--
      WARNING - @mbggenerated
      This element is automatically generated by MyBatis Generator, do not modify.
      This element was generated on Wed Jan 14 16:58:22 CST 2015.
    -->
    update building
    set id = #{record.id,jdbcType=INTEGER},
      number = #{record.number,jdbcType=INTEGER},
      manager = #{record.manager,jdbcType=VARCHAR},
      name = #{record.name,jdbcType=VARCHAR},
      address = #{record.address,jdbcType=VARCHAR},
      type = #{record.type,jdbcType=VARCHAR},
      struct = #{record.struct,jdbcType=VARCHAR},
      orientation = #{record.orientation,jdbcType=VARCHAR},
      remarks = #{record.remarks,jdbcType=VARCHAR},
      completiondate = #{record.completiondate,jdbcType=DATE}
    <if test="_parameter != null" >
      <include refid="Update_By_Example_Where_Clause" />
    </if>
  </update>
  <update id="updateByPrimaryKeySelective" parameterType="com.smartcommunity.pojo.Building" >
    <!--
      WARNING - @mbggenerated
      This element is automatically generated by MyBatis Generator, do not modify.
      This element was generated on Wed Jan 14 16:58:22 CST 2015.
    -->
    update building
    <set >
      <if test="number != null" >
        number = #{number,jdbcType=VARCHAR},
      </if>
      <if test="manager != null" >
        manager = #{manager,jdbcType=VARCHAR},
      </if>
      <if test="name != null" >
        name = #{name,jdbcType=VARCHAR},
      </if>
      <if test="address != null" >
        address = #{address,jdbcType=VARCHAR},
      </if>
      <if test="type != null" >
        type = #{type,jdbcType=VARCHAR},
      </if>
      <if test="struct != null" >
        struct = #{struct,jdbcType=VARCHAR},
      </if>
      <if test="orientation != null" >
        orientation = #{orientation,jdbcType=VARCHAR},
      </if>
      <if test="remarks != null" >
        remarks = #{remarks,jdbcType=VARCHAR},
      </if>
      <if test="completiondate != null" >
        completiondate = #{completiondate,jdbcType=DATE},
      </if>
    </set>
    where id = #{id,jdbcType=INTEGER}
  </update>
  <update id="updateByPrimaryKey" parameterType="com.smartcommunity.pojo.Building" >
    <!--
      WARNING - @mbggenerated
      This element is automatically generated by MyBatis Generator, do not modify.
      This element was generated on Wed Jan 14 16:58:22 CST 2015.
    -->
    update building
    set number = #{number,jdbcType=INTEGER},
      manager = #{manager,jdbcType=VARCHAR},
      name = #{name,jdbcType=VARCHAR},
      address = #{address,jdbcType=VARCHAR},
      type = #{type,jdbcType=VARCHAR},
      struct = #{struct,jdbcType=VARCHAR},
      orientation = #{orientation,jdbcType=VARCHAR},
      remarks = #{remarks,jdbcType=VARCHAR},
      completiondate = #{completiondate,jdbcType=DATE}
    where id = #{id,jdbcType=INTEGER}
  </update>
  <!-- add -->  
  <select id="selectNumberAndName" resultMap="BaseResultMap" >

    select
    <if test="distinct" >
      distinct
    </if>
	number,name
    from building
    <if test="_parameter != null" >
      <include refid="Example_Where_Clause" />
    </if>
    order by number asc
    <!-- 
    <if test="orderByClause != null" >
      order by ${orderByClause}
    </if>
     -->
  </select>
  <!-- addend -->
</mapper>