<?xml version="1.0" encoding="UTF-8"?>
<!DOCTYPE mapper PUBLIC "-//mybatis.org//DTD Mapper 3.0//EN" "http://mybatis.org/dtd/mybatis-3-mapper.dtd">
<mapper namespace="com.smartcommunity.mapper.ComplaintsMapper">
  <resultMap id="BaseResultMap" type="com.smartcommunity.pojo.Complaints">
    <!--
      WARNING - @mbggenerated
      This element is automatically generated by MyBatis Generator, do not modify.
      This element was generated on Fri Jan 16 09:42:45 CST 2015.
    -->
    <id column="id" jdbcType="INTEGER" property="id" />
    <result column="roomnumber" jdbcType="VARCHAR" property="roomnumber" />
    <result column="name" jdbcType="VARCHAR" property="name" />
    <result column="phone" jdbcType="VARCHAR" property="phone" />
    <result column="time" jdbcType="TIMESTAMP" property="time" />
    <result column="content" jdbcType="VARCHAR" property="content" />
    <result column="requiredresult" jdbcType="VARCHAR" property="requiredresult" />
    <result column="processedsituation" jdbcType="VARCHAR" property="processedsituation" />
    <result column="remarks" jdbcType="VARCHAR" property="remarks" />
    <result column="processedstate" jdbcType="INTEGER" property="processedstate" />
    <result column="processedtime" jdbcType="TIMESTAMP" property="processedtime" />
  </resultMap>
  <sql id="Example_Where_Clause">
    <!--
      WARNING - @mbggenerated
      This element is automatically generated by MyBatis Generator, do not modify.
      This element was generated on Fri Jan 16 09:42:45 CST 2015.
    -->
    <where>
      <foreach collection="oredCriteria" item="criteria" separator="or">
        <if test="criteria.valid">
          <trim prefix="(" prefixOverrides="and" suffix=")">
            <foreach collection="criteria.criteria" item="criterion">
              <choose>
                <when test="criterion.noValue">
                  and ${criterion.condition}
                </when>
                <when test="criterion.singleValue">
                  and ${criterion.condition} #{criterion.value}
                </when>
                <when test="criterion.betweenValue">
                  and ${criterion.condition} #{criterion.value} and #{criterion.secondValue}
                </when>
                <when test="criterion.listValue">
                  and ${criterion.condition}
                  <foreach close=")" collection="criterion.value" item="listItem" open="(" separator=",">
                    #{listItem}
                  </foreach>
                </when>
              </choose>
            </foreach>
          </trim>
        </if>
      </foreach>
    </where>
  </sql>
  <sql id="Update_By_Example_Where_Clause">
    <!--
      WARNING - @mbggenerated
      This element is automatically generated by MyBatis Generator, do not modify.
      This element was generated on Fri Jan 16 09:42:45 CST 2015.
    -->
    <where>
      <foreach collection="example.oredCriteria" item="criteria" separator="or">
        <if test="criteria.valid">
          <trim prefix="(" prefixOverrides="and" suffix=")">
            <foreach collection="criteria.criteria" item="criterion">
              <choose>
                <when test="criterion.noValue">
                  and ${criterion.condition}
                </when>
                <when test="criterion.singleValue">
                  and ${criterion.condition} #{criterion.value}
                </when>
                <when test="criterion.betweenValue">
                  and ${criterion.condition} #{criterion.value} and #{criterion.secondValue}
                </when>
                <when test="criterion.listValue">
                  and ${criterion.condition}
                  <foreach close=")" collection="criterion.value" item="listItem" open="(" separator=",">
                    #{listItem}
                  </foreach>
                </when>
              </choose>
            </foreach>
          </trim>
        </if>
      </foreach>
    </where>
  </sql>
  <sql id="Base_Column_List">
    <!--
      WARNING - @mbggenerated
      This element is automatically generated by MyBatis Generator, do not modify.
      This element was generated on Fri Jan 16 09:42:45 CST 2015.
    -->
    id, roomnumber, name, phone, time, content, requiredresult, processedsituation, remarks, 
    processedstate, processedtime
  </sql>
  <select id="selectByExample" parameterType="com.smartcommunity.pojo.ComplaintsExample" resultMap="BaseResultMap">
    <!--
      WARNING - @mbggenerated
      This element is automatically generated by MyBatis Generator, do not modify.
      This element was generated on Fri Jan 16 09:42:45 CST 2015.
    -->
    select
    <if test="distinct">
      distinct
    </if>
    <include refid="Base_Column_List" />
    from complaints
    <if test="_parameter != null">
      <include refid="Example_Where_Clause" />
    </if>
    <if test="orderByClause != null">
      order by ${orderByClause}
    </if>
  </select>
  <select id="selectByPrimaryKey" parameterType="java.lang.Integer" resultMap="BaseResultMap">
    <!--
      WARNING - @mbggenerated
      This element is automatically generated by MyBatis Generator, do not modify.
      This element was generated on Fri Jan 16 09:42:45 CST 2015.
    -->
    select 
    <include refid="Base_Column_List" />
    from complaints
    where id = #{id,jdbcType=INTEGER}
  </select>
  <delete id="deleteByPrimaryKey" parameterType="java.lang.Integer">
    <!--
      WARNING - @mbggenerated
      This element is automatically generated by MyBatis Generator, do not modify.
      This element was generated on Fri Jan 16 09:42:45 CST 2015.
    -->
    delete from complaints
    where id = #{id,jdbcType=INTEGER}
  </delete>
  <delete id="deleteByExample" parameterType="com.smartcommunity.pojo.ComplaintsExample">
    <!--
      WARNING - @mbggenerated
      This element is automatically generated by MyBatis Generator, do not modify.
      This element was generated on Fri Jan 16 09:42:45 CST 2015.
    -->
    delete from complaints
    <if test="_parameter != null">
      <include refid="Example_Where_Clause" />
    </if>
  </delete>
  <insert id="insert" parameterType="com.smartcommunity.pojo.Complaints" useGeneratedKeys="true" keyProperty="id">
    <!--
      WARNING - @mbggenerated
      This element is automatically generated by MyBatis Generator, do not modify.
      This element was generated on Fri Jan 16 09:42:45 CST 2015.
    -->
    insert into complaints (id, roomnumber, name, 
      phone, time, content, 
      requiredresult, processedsituation, remarks, 
      processedstate, processedtime)
    values (#{id,jdbcType=INTEGER}, #{roomnumber,jdbcType=VARCHAR}, #{name,jdbcType=VARCHAR}, 
      #{phone,jdbcType=VARCHAR}, #{time,jdbcType=TIMESTAMP}, #{content,jdbcType=VARCHAR}, 
      #{requiredresult,jdbcType=VARCHAR}, #{processedsituation,jdbcType=VARCHAR}, #{remarks,jdbcType=VARCHAR}, 
      #{processedstate,jdbcType=INTEGER}, #{processedtime,jdbcType=TIMESTAMP})
  </insert>
  <insert id="insertSelective" parameterType="com.smartcommunity.pojo.Complaints" useGeneratedKeys="true" keyProperty="id">
    <!--
      WARNING - @mbggenerated
      This element is automatically generated by MyBatis Generator, do not modify.
      This element was generated on Fri Jan 16 09:42:45 CST 2015.
    -->
    insert into complaints
    <trim prefix="(" suffix=")" suffixOverrides=",">
      <if test="id != null">
        id,
      </if>
      <if test="roomnumber != null">
        roomnumber,
      </if>
      <if test="name != null">
        name,
      </if>
      <if test="phone != null">
        phone,
      </if>
      <if test="time != null">
        time,
      </if>
      <if test="content != null">
        content,
      </if>
      <if test="requiredresult != null">
        requiredresult,
      </if>
      <if test="processedsituation != null">
        processedsituation,
      </if>
      <if test="remarks != null">
        remarks,
      </if>
      <if test="processedstate != null">
        processedstate,
      </if>
      <if test="processedtime != null">
        processedtime,
      </if>
    </trim>
    <trim prefix="values (" suffix=")" suffixOverrides=",">
      <if test="id != null">
        #{id,jdbcType=INTEGER},
      </if>
      <if test="roomnumber != null">
        #{roomnumber,jdbcType=VARCHAR},
      </if>
      <if test="name != null">
        #{name,jdbcType=VARCHAR},
      </if>
      <if test="phone != null">
        #{phone,jdbcType=VARCHAR},
      </if>
      <if test="time != null">
        #{time,jdbcType=TIMESTAMP},
      </if>
      <if test="content != null">
        #{content,jdbcType=VARCHAR},
      </if>
      <if test="requiredresult != null">
        #{requiredresult,jdbcType=VARCHAR},
      </if>
      <if test="processedsituation != null">
        #{processedsituation,jdbcType=VARCHAR},
      </if>
      <if test="remarks != null">
        #{remarks,jdbcType=VARCHAR},
      </if>
      <if test="processedstate != null">
        #{processedstate,jdbcType=INTEGER},
      </if>
      <if test="processedtime != null">
        #{processedtime,jdbcType=TIMESTAMP},
      </if>
    </trim>
  </insert>
  <select id="countByExample" parameterType="com.smartcommunity.pojo.ComplaintsExample" resultType="java.lang.Integer">
    <!--
      WARNING - @mbggenerated
      This element is automatically generated by MyBatis Generator, do not modify.
      This element was generated on Fri Jan 16 09:42:45 CST 2015.
    -->
    select count(*) from complaints
    <if test="_parameter != null">
      <include refid="Example_Where_Clause" />
    </if>
  </select>
  <update id="updateByExampleSelective" parameterType="map">
    <!--
      WARNING - @mbggenerated
      This element is automatically generated by MyBatis Generator, do not modify.
      This element was generated on Fri Jan 16 09:42:45 CST 2015.
    -->
    update complaints
    <set>
      <if test="record.id != null">
        id = #{record.id,jdbcType=INTEGER},
      </if>
      <if test="record.roomnumber != null">
        roomnumber = #{record.roomnumber,jdbcType=VARCHAR},
      </if>
      <if test="record.name != null">
        name = #{record.name,jdbcType=VARCHAR},
      </if>
      <if test="record.phone != null">
        phone = #{record.phone,jdbcType=VARCHAR},
      </if>
      <if test="record.time != null">
        time = #{record.time,jdbcType=TIMESTAMP},
      </if>
      <if test="record.content != null">
        content = #{record.content,jdbcType=VARCHAR},
      </if>
      <if test="record.requiredresult != null">
        requiredresult = #{record.requiredresult,jdbcType=VARCHAR},
      </if>
      <if test="record.processedsituation != null">
        processedsituation = #{record.processedsituation,jdbcType=VARCHAR},
      </if>
      <if test="record.remarks != null">
        remarks = #{record.remarks,jdbcType=VARCHAR},
      </if>
      <if test="record.processedstate != null">
        processedstate = #{record.processedstate,jdbcType=INTEGER},
      </if>
      <if test="record.processedtime != null">
        processedtime = #{record.processedtime,jdbcType=TIMESTAMP},
      </if>
    </set>
    <if test="_parameter != null">
      <include refid="Update_By_Example_Where_Clause" />
    </if>
  </update>
  <update id="updateByExample" parameterType="map">
    <!--
      WARNING - @mbggenerated
      This element is automatically generated by MyBatis Generator, do not modify.
      This element was generated on Fri Jan 16 09:42:45 CST 2015.
    -->
    update complaints
    set id = #{record.id,jdbcType=INTEGER},
      roomnumber = #{record.roomnumber,jdbcType=VARCHAR},
      name = #{record.name,jdbcType=VARCHAR},
      phone = #{record.phone,jdbcType=VARCHAR},
      time = #{record.time,jdbcType=TIMESTAMP},
      content = #{record.content,jdbcType=VARCHAR},
      requiredresult = #{record.requiredresult,jdbcType=VARCHAR},
      processedsituation = #{record.processedsituation,jdbcType=VARCHAR},
      remarks = #{record.remarks,jdbcType=VARCHAR},
      processedstate = #{record.processedstate,jdbcType=INTEGER},
      processedtime = #{record.processedtime,jdbcType=TIMESTAMP}
    <if test="_parameter != null">
      <include refid="Update_By_Example_Where_Clause" />
    </if>
  </update>
  <update id="updateByPrimaryKeySelective" parameterType="com.smartcommunity.pojo.Complaints">
    <!--
      WARNING - @mbggenerated
      This element is automatically generated by MyBatis Generator, do not modify.
      This element was generated on Fri Jan 16 09:42:45 CST 2015.
    -->
    update complaints
    <set>
      <if test="roomnumber != null">
        roomnumber = #{roomnumber,jdbcType=VARCHAR},
      </if>
      <if test="name != null">
        name = #{name,jdbcType=VARCHAR},
      </if>
      <if test="phone != null">
        phone = #{phone,jdbcType=VARCHAR},
      </if>
      <if test="time != null">
        time = #{time,jdbcType=TIMESTAMP},
      </if>
      <if test="content != null">
        content = #{content,jdbcType=VARCHAR},
      </if>
      <if test="requiredresult != null">
        requiredresult = #{requiredresult,jdbcType=VARCHAR},
      </if>
      <if test="processedsituation != null">
        processedsituation = #{processedsituation,jdbcType=VARCHAR},
      </if>
      <if test="remarks != null">
        remarks = #{remarks,jdbcType=VARCHAR},
      </if>
      <if test="processedstate != null">
        processedstate = #{processedstate,jdbcType=INTEGER},
      </if>
      <if test="processedtime != null">
        processedtime = #{processedtime,jdbcType=TIMESTAMP},
      </if>
    </set>
    where id = #{id,jdbcType=INTEGER}
  </update>
  <update id="updateByPrimaryKey" parameterType="com.smartcommunity.pojo.Complaints">
    <!--
      WARNING - @mbggenerated
      This element is automatically generated by MyBatis Generator, do not modify.
      This element was generated on Fri Jan 16 09:42:45 CST 2015.
    -->
    update complaints
    set roomnumber = #{roomnumber,jdbcType=VARCHAR},
      name = #{name,jdbcType=VARCHAR},
      phone = #{phone,jdbcType=VARCHAR},
      time = #{time,jdbcType=TIMESTAMP},
      content = #{content,jdbcType=VARCHAR},
      requiredresult = #{requiredresult,jdbcType=VARCHAR},
      processedsituation = #{processedsituation,jdbcType=VARCHAR},
      remarks = #{remarks,jdbcType=VARCHAR},
      processedstate = #{processedstate,jdbcType=INTEGER},
      processedtime = #{processedtime,jdbcType=TIMESTAMP}
    where id = #{id,jdbcType=INTEGER}
  </update>
   	<!-- add -->
	<resultMap id="complaintsimagesBaseResultMap" type="com.smartcommunity.pojo.Complaintsimages">

		<id column="id" property="id" jdbcType="INTEGER" />
		<result column="complaintsid" property="complaintsid" jdbcType="INTEGER" />
		<result column="url" property="url" jdbcType="VARCHAR" />
	</resultMap>

	<resultMap id="ComplaintsBaseResultMap" type="com.smartcommunity.pojo.Complaints">

		<id column="complaints_id" property="id" jdbcType="INTEGER" />
		<result column="complaints_roomnumber" property="roomnumber"
			jdbcType="VARCHAR" />
		<result column="complaints_name" property="name" jdbcType="VARCHAR" />
		<result column="complaints_phone" property="phone" jdbcType="VARCHAR" />
		<result column="complaints_time" property="time" jdbcType="TIMESTAMP" />
		<result column="complaints_content" property="content"
			jdbcType="VARCHAR" />
		<result column="complaints_requiredresult" property="requiredresult"
			jdbcType="VARCHAR" />
		<result column="complaints_processedsituation" property="processedsituation"
			jdbcType="VARCHAR" />
		<result column="complaints_remarks" property="remarks"
			jdbcType="VARCHAR" />
    <result column="complaints_processedstate" jdbcType="INTEGER" property="processedstate" />

		<collection property="complaintsimages"
			ofType="com.smartcommunity.pojo.Complaintsimages" resultMap="complaintsimagesBaseResultMap"
			columnPrefix="complaintsimages_" />

	</resultMap>
	<sql id="ComplaintsAndImages">
		complaints.id as complaints_id,
		complaints.roomnumber as complaints_roomnumber,
		complaints.name as complaints_name,
		complaints.phone as complaints_phone,
		complaints.time as complaints_time,
		complaints.content as complaints_content,
		complaints.requiredresult as complaints_requiredresult,
		complaints.processedsituation as complaints_processedsituation,
		complaints.remarks as complaints_remarks,
		complaints.processedstate as complaints_processedstate,
		complaintsimages.id as complaintsimages_id,
		complaintsimages.complaintsid as complaintsimages_complaintsid,
		complaintsimages.url as complaintsimages_url
	</sql>
	<!-- 选择 投诉与图片 -->
	<select id="selectComplaintsAndImages" resultMap="ComplaintsBaseResultMap">

		select
		<include refid="ComplaintsAndImages" />
		from complaints
		left outer join complaintsimages on complaints.id =	complaintsimages.complaintsid
		<if test="_parameter != null">
			<include refid="Update_By_Example_Where_Clause" />
		</if>
		order by complaints.time desc
	</select>
	
  <update id="updateFeedback" parameterType="map">

    update complaints
    set feedback = #{feedback,jdbcType=VARCHAR}
    where id = #{id,jdbcType=INTEGER}
    </update>

	<!-- addend -->
</mapper>