<?xml version="1.0" encoding="UTF-8" ?>
<!DOCTYPE mapper PUBLIC "-//mybatis.org//DTD Mapper 3.0//EN" "http://mybatis.org/dtd/mybatis-3-mapper.dtd" >
<mapper namespace="com.smartcommunity.mapper.DecoratefeeMapper" >
  <resultMap id="BaseResultMap" type="com.smartcommunity.pojo.Decoratefee" >
    <!--
      WARNING - @mbggenerated
      This element is automatically generated by MyBatis Generator, do not modify.
      This element was generated on Tue Jan 20 13:50:49 CST 2015.
    -->
    <id column="id" property="id" jdbcType="INTEGER" />
    <result column="roomnumber" property="roomnumber" jdbcType="VARCHAR" />
    <result column="ownername" property="ownername" jdbcType="VARCHAR" />
    <result column="date" property="date" jdbcType="DATE" />
    <result column="deposit" property="deposit" jdbcType="REAL" />
    <result column="rabishfee" property="rabishfee" jdbcType="REAL" />
    <result column="elecfee" property="elecfee" jdbcType="REAL" />
    <result column="waterfee" property="waterfee" jdbcType="REAL" />
    <result column="passfee" property="passfee" jdbcType="REAL" />
    <result column="remarks" property="remarks" jdbcType="VARCHAR" />
  </resultMap>
  <sql id="Example_Where_Clause" >
    <!--
      WARNING - @mbggenerated
      This element is automatically generated by MyBatis Generator, do not modify.
      This element was generated on Tue Jan 20 13:50:49 CST 2015.
    -->
    <where >
      <foreach collection="oredCriteria" item="criteria" separator="or" >
        <if test="criteria.valid" >
          <trim prefix="(" suffix=")" prefixOverrides="and" >
            <foreach collection="criteria.criteria" item="criterion" >
              <choose >
                <when test="criterion.noValue" >
                  and ${criterion.condition}
                </when>
                <when test="criterion.singleValue" >
                  and ${criterion.condition} #{criterion.value}
                </when>
                <when test="criterion.betweenValue" >
                  and ${criterion.condition} #{criterion.value} and #{criterion.secondValue}
                </when>
                <when test="criterion.listValue" >
                  and ${criterion.condition}
                  <foreach collection="criterion.value" item="listItem" open="(" close=")" separator="," >
                    #{listItem}
                  </foreach>
                </when>
              </choose>
            </foreach>
          </trim>
        </if>
      </foreach>
    </where>
  </sql>
  <sql id="Update_By_Example_Where_Clause" >
    <!--
      WARNING - @mbggenerated
      This element is automatically generated by MyBatis Generator, do not modify.
      This element was generated on Tue Jan 20 13:50:49 CST 2015.
    -->
    <where >
      <foreach collection="example.oredCriteria" item="criteria" separator="or" >
        <if test="criteria.valid" >
          <trim prefix="(" suffix=")" prefixOverrides="and" >
            <foreach collection="criteria.criteria" item="criterion" >
              <choose >
                <when test="criterion.noValue" >
                  and ${criterion.condition}
                </when>
                <when test="criterion.singleValue" >
                  and ${criterion.condition} #{criterion.value}
                </when>
                <when test="criterion.betweenValue" >
                  and ${criterion.condition} #{criterion.value} and #{criterion.secondValue}
                </when>
                <when test="criterion.listValue" >
                  and ${criterion.condition}
                  <foreach collection="criterion.value" item="listItem" open="(" close=")" separator="," >
                    #{listItem}
                  </foreach>
                </when>
              </choose>
            </foreach>
          </trim>
        </if>
      </foreach>
    </where>
  </sql>
  <sql id="Base_Column_List" >
    <!--
      WARNING - @mbggenerated
      This element is automatically generated by MyBatis Generator, do not modify.
      This element was generated on Tue Jan 20 13:50:49 CST 2015.
    -->
    id, roomnumber, ownername, date, deposit, rabishfee, elecfee, waterfee, passfee, 
    remarks
  </sql>
  <select id="selectByExample" resultMap="BaseResultMap" parameterType="com.smartcommunity.pojo.DecoratefeeExample" >
    <!--
      WARNING - @mbggenerated
      This element is automatically generated by MyBatis Generator, do not modify.
      This element was generated on Tue Jan 20 13:50:49 CST 2015.
    -->
    select
    <if test="distinct" >
      distinct
    </if>
    <include refid="Base_Column_List" />
    from decoratefee
    <if test="_parameter != null" >
      <include refid="Example_Where_Clause" />
    </if>
    <if test="orderByClause != null" >
      order by ${orderByClause}
    </if>
  </select>
  <select id="selectByPrimaryKey" resultMap="BaseResultMap" parameterType="java.lang.Integer" >
    <!--
      WARNING - @mbggenerated
      This element is automatically generated by MyBatis Generator, do not modify.
      This element was generated on Tue Jan 20 13:50:49 CST 2015.
    -->
    select 
    <include refid="Base_Column_List" />
    from decoratefee
    where id = #{id,jdbcType=INTEGER}
  </select>
  <delete id="deleteByPrimaryKey" parameterType="java.lang.Integer" >
    <!--
      WARNING - @mbggenerated
      This element is automatically generated by MyBatis Generator, do not modify.
      This element was generated on Tue Jan 20 13:50:49 CST 2015.
    -->
    delete from decoratefee
    where id = #{id,jdbcType=INTEGER}
  </delete>
  <delete id="deleteByExample" parameterType="com.smartcommunity.pojo.DecoratefeeExample" >
    <!--
      WARNING - @mbggenerated
      This element is automatically generated by MyBatis Generator, do not modify.
      This element was generated on Tue Jan 20 13:50:49 CST 2015.
    -->
    delete from decoratefee
    <if test="_parameter != null" >
      <include refid="Example_Where_Clause" />
    </if>
  </delete>
  <insert id="insert" parameterType="com.smartcommunity.pojo.Decoratefee" >
    <!--
      WARNING - @mbggenerated
      This element is automatically generated by MyBatis Generator, do not modify.
      This element was generated on Tue Jan 20 13:50:49 CST 2015.
    -->
    insert into decoratefee (id, roomnumber, ownername, 
      date, deposit, rabishfee, elecfee, 
      waterfee, passfee, remarks
      )
    values (#{id,jdbcType=INTEGER}, #{roomnumber,jdbcType=VARCHAR}, #{ownername,jdbcType=VARCHAR}, 
      #{date,jdbcType=DATE}, #{deposit,jdbcType=REAL}, #{rabishfee,jdbcType=REAL}, #{elecfee,jdbcType=REAL}, 
      #{waterfee,jdbcType=REAL}, #{passfee,jdbcType=REAL}, #{remarks,jdbcType=VARCHAR}
      )
  </insert>
  <insert id="insertSelective" parameterType="com.smartcommunity.pojo.Decoratefee" >
    <!--
      WARNING - @mbggenerated
      This element is automatically generated by MyBatis Generator, do not modify.
      This element was generated on Tue Jan 20 13:50:49 CST 2015.
    -->
    insert into decoratefee
    <trim prefix="(" suffix=")" suffixOverrides="," >
      <if test="id != null" >
        id,
      </if>
      <if test="roomnumber != null" >
        roomnumber,
      </if>
      <if test="ownername != null" >
        ownername,
      </if>
      <if test="date != null" >
        date,
      </if>
      <if test="deposit != null" >
        deposit,
      </if>
      <if test="rabishfee != null" >
        rabishfee,
      </if>
      <if test="elecfee != null" >
        elecfee,
      </if>
      <if test="waterfee != null" >
        waterfee,
      </if>
      <if test="passfee != null" >
        passfee,
      </if>
      <if test="remarks != null" >
        remarks,
      </if>
    </trim>
    <trim prefix="values (" suffix=")" suffixOverrides="," >
      <if test="id != null" >
        #{id,jdbcType=INTEGER},
      </if>
      <if test="roomnumber != null" >
        #{roomnumber,jdbcType=VARCHAR},
      </if>
      <if test="ownername != null" >
        #{ownername,jdbcType=VARCHAR},
      </if>
      <if test="date != null" >
        #{date,jdbcType=DATE},
      </if>
      <if test="deposit != null" >
        #{deposit,jdbcType=REAL},
      </if>
      <if test="rabishfee != null" >
        #{rabishfee,jdbcType=REAL},
      </if>
      <if test="elecfee != null" >
        #{elecfee,jdbcType=REAL},
      </if>
      <if test="waterfee != null" >
        #{waterfee,jdbcType=REAL},
      </if>
      <if test="passfee != null" >
        #{passfee,jdbcType=REAL},
      </if>
      <if test="remarks != null" >
        #{remarks,jdbcType=VARCHAR},
      </if>
    </trim>
  </insert>
  <select id="countByExample" parameterType="com.smartcommunity.pojo.DecoratefeeExample" resultType="java.lang.Integer" >
    <!--
      WARNING - @mbggenerated
      This element is automatically generated by MyBatis Generator, do not modify.
      This element was generated on Tue Jan 20 13:50:49 CST 2015.
    -->
    select count(*) from decoratefee
    <if test="_parameter != null" >
      <include refid="Example_Where_Clause" />
    </if>
  </select>
  <update id="updateByExampleSelective" parameterType="map" >
    <!--
      WARNING - @mbggenerated
      This element is automatically generated by MyBatis Generator, do not modify.
      This element was generated on Tue Jan 20 13:50:49 CST 2015.
    -->
    update decoratefee
    <set >
      <if test="record.id != null" >
        id = #{record.id,jdbcType=INTEGER},
      </if>
      <if test="record.roomnumber != null" >
        roomnumber = #{record.roomnumber,jdbcType=VARCHAR},
      </if>
      <if test="record.ownername != null" >
        ownername = #{record.ownername,jdbcType=VARCHAR},
      </if>
      <if test="record.date != null" >
        date = #{record.date,jdbcType=DATE},
      </if>
      <if test="record.deposit != null" >
        deposit = #{record.deposit,jdbcType=REAL},
      </if>
      <if test="record.rabishfee != null" >
        rabishfee = #{record.rabishfee,jdbcType=REAL},
      </if>
      <if test="record.elecfee != null" >
        elecfee = #{record.elecfee,jdbcType=REAL},
      </if>
      <if test="record.waterfee != null" >
        waterfee = #{record.waterfee,jdbcType=REAL},
      </if>
      <if test="record.passfee != null" >
        passfee = #{record.passfee,jdbcType=REAL},
      </if>
      <if test="record.remarks != null" >
        remarks = #{record.remarks,jdbcType=VARCHAR},
      </if>
    </set>
    <if test="_parameter != null" >
      <include refid="Update_By_Example_Where_Clause" />
    </if>
  </update>
  <update id="updateByExample" parameterType="map" >
    <!--
      WARNING - @mbggenerated
      This element is automatically generated by MyBatis Generator, do not modify.
      This element was generated on Tue Jan 20 13:50:49 CST 2015.
    -->
    update decoratefee
    set id = #{record.id,jdbcType=INTEGER},
      roomnumber = #{record.roomnumber,jdbcType=VARCHAR},
      ownername = #{record.ownername,jdbcType=VARCHAR},
      date = #{record.date,jdbcType=DATE},
      deposit = #{record.deposit,jdbcType=REAL},
      rabishfee = #{record.rabishfee,jdbcType=REAL},
      elecfee = #{record.elecfee,jdbcType=REAL},
      waterfee = #{record.waterfee,jdbcType=REAL},
      passfee = #{record.passfee,jdbcType=REAL},
      remarks = #{record.remarks,jdbcType=VARCHAR}
    <if test="_parameter != null" >
      <include refid="Update_By_Example_Where_Clause" />
    </if>
  </update>
  <update id="updateByPrimaryKeySelective" parameterType="com.smartcommunity.pojo.Decoratefee" >
    <!--
      WARNING - @mbggenerated
      This element is automatically generated by MyBatis Generator, do not modify.
      This element was generated on Tue Jan 20 13:50:49 CST 2015.
    -->
    update decoratefee
    <set >
      <if test="roomnumber != null" >
        roomnumber = #{roomnumber,jdbcType=VARCHAR},
      </if>
      <if test="ownername != null" >
        ownername = #{ownername,jdbcType=VARCHAR},
      </if>
      <if test="date != null" >
        date = #{date,jdbcType=DATE},
      </if>
      <if test="deposit != null" >
        deposit = #{deposit,jdbcType=REAL},
      </if>
      <if test="rabishfee != null" >
        rabishfee = #{rabishfee,jdbcType=REAL},
      </if>
      <if test="elecfee != null" >
        elecfee = #{elecfee,jdbcType=REAL},
      </if>
      <if test="waterfee != null" >
        waterfee = #{waterfee,jdbcType=REAL},
      </if>
      <if test="passfee != null" >
        passfee = #{passfee,jdbcType=REAL},
      </if>
      <if test="remarks != null" >
        remarks = #{remarks,jdbcType=VARCHAR},
      </if>
    </set>
    where id = #{id,jdbcType=INTEGER}
  </update>
  <update id="updateByPrimaryKey" parameterType="com.smartcommunity.pojo.Decoratefee" >
    <!--
      WARNING - @mbggenerated
      This element is automatically generated by MyBatis Generator, do not modify.
      This element was generated on Tue Jan 20 13:50:49 CST 2015.
    -->
    update decoratefee
    set roomnumber = #{roomnumber,jdbcType=VARCHAR},
      ownername = #{ownername,jdbcType=VARCHAR},
      date = #{date,jdbcType=DATE},
      deposit = #{deposit,jdbcType=REAL},
      rabishfee = #{rabishfee,jdbcType=REAL},
      elecfee = #{elecfee,jdbcType=REAL},
      waterfee = #{waterfee,jdbcType=REAL},
      passfee = #{passfee,jdbcType=REAL},
      remarks = #{remarks,jdbcType=VARCHAR}
    where id = #{id,jdbcType=INTEGER}
  </update>
</mapper>