<?xml version="1.0" encoding="UTF-8" ?>
<!DOCTYPE mapper PUBLIC "-//mybatis.org//DTD Mapper 3.0//EN" "http://mybatis.org/dtd/mybatis-3-mapper.dtd" >
<mapper namespace="com.smartcommunity.mapper.DecorateMapper" >
  <resultMap id="BaseResultMap" type="com.smartcommunity.pojo.Decorate" >
    <!--
      WARNING - @mbggenerated
      This element is automatically generated by MyBatis Generator, do not modify.
      This element was generated on Tue Jan 20 13:50:49 CST 2015.
    -->
    <id column="id" property="id" jdbcType="INTEGER" />
    <result column="roomnumber" property="roomnumber" jdbcType="VARCHAR" />
    <result column="ownername" property="ownername" jdbcType="VARCHAR" />
    <result column="phone" property="phone" jdbcType="VARCHAR" />
    <result column="isjianzhuang" property="isjianzhuang" jdbcType="BIT" />
    <result column="hasdecprotocol" property="hasdecprotocol" jdbcType="BIT" />
    <result column="hasdecform" property="hasdecform" jdbcType="BIT" />
    <result column="hasdeclicence" property="hasdeclicence" jdbcType="BIT" />
    <result column="remarks" property="remarks" jdbcType="VARCHAR" />
    <result column="iscomplete" property="iscomplete" jdbcType="BIT" />
  </resultMap>
  <sql id="Example_Where_Clause" >
    <!--
      WARNING - @mbggenerated
      This element is automatically generated by MyBatis Generator, do not modify.
      This element was generated on Tue Jan 20 13:50:49 CST 2015.
    -->
    <where >
      <foreach collection="oredCriteria" item="criteria" separator="or" >
        <if test="criteria.valid" >
          <trim prefix="(" suffix=")" prefixOverrides="and" >
            <foreach collection="criteria.criteria" item="criterion" >
              <choose >
                <when test="criterion.noValue" >
                  and ${criterion.condition}
                </when>
                <when test="criterion.singleValue" >
                  and ${criterion.condition} #{criterion.value}
                </when>
                <when test="criterion.betweenValue" >
                  and ${criterion.condition} #{criterion.value} and #{criterion.secondValue}
                </when>
                <when test="criterion.listValue" >
                  and ${criterion.condition}
                  <foreach collection="criterion.value" item="listItem" open="(" close=")" separator="," >
                    #{listItem}
                  </foreach>
                </when>
              </choose>
            </foreach>
          </trim>
        </if>
      </foreach>
    </where>
  </sql>
  <sql id="Update_By_Example_Where_Clause" >
    <!--
      WARNING - @mbggenerated
      This element is automatically generated by MyBatis Generator, do not modify.
      This element was generated on Tue Jan 20 13:50:49 CST 2015.
    -->
    <where >
      <foreach collection="example.oredCriteria" item="criteria" separator="or" >
        <if test="criteria.valid" >
          <trim prefix="(" suffix=")" prefixOverrides="and" >
            <foreach collection="criteria.criteria" item="criterion" >
              <choose >
                <when test="criterion.noValue" >
                  and ${criterion.condition}
                </when>
                <when test="criterion.singleValue" >
                  and ${criterion.condition} #{criterion.value}
                </when>
                <when test="criterion.betweenValue" >
                  and ${criterion.condition} #{criterion.value} and #{criterion.secondValue}
                </when>
                <when test="criterion.listValue" >
                  and ${criterion.condition}
                  <foreach collection="criterion.value" item="listItem" open="(" close=")" separator="," >
                    #{listItem}
                  </foreach>
                </when>
              </choose>
            </foreach>
          </trim>
        </if>
      </foreach>
    </where>
  </sql>
  <sql id="Base_Column_List" >
    <!--
      WARNING - @mbggenerated
      This element is automatically generated by MyBatis Generator, do not modify.
      This element was generated on Tue Jan 20 13:50:49 CST 2015.
    -->
    id, roomnumber, ownername, phone, isjianzhuang, hasdecprotocol, hasdecform, hasdeclicence, 
    remarks, iscomplete
  </sql>
  <select id="selectByExample" resultMap="BaseResultMap" parameterType="com.smartcommunity.pojo.DecorateExample" >
    <!--
      WARNING - @mbggenerated
      This element is automatically generated by MyBatis Generator, do not modify.
      This element was generated on Tue Jan 20 13:50:49 CST 2015.
    -->
    select
    <if test="distinct" >
      distinct
    </if>
    <include refid="Base_Column_List" />
    from decorate
    <if test="_parameter != null" >
      <include refid="Example_Where_Clause" />
    </if>
    <if test="orderByClause != null" >
      order by ${orderByClause}
    </if>
  </select>
  <select id="selectByPrimaryKey" resultMap="BaseResultMap" parameterType="java.lang.Integer" >
    <!--
      WARNING - @mbggenerated
      This element is automatically generated by MyBatis Generator, do not modify.
      This element was generated on Tue Jan 20 13:50:49 CST 2015.
    -->
    select 
    <include refid="Base_Column_List" />
    from decorate
    where id = #{id,jdbcType=INTEGER}
  </select>
  <delete id="deleteByPrimaryKey" parameterType="java.lang.Integer" >
    <!--
      WARNING - @mbggenerated
      This element is automatically generated by MyBatis Generator, do not modify.
      This element was generated on Tue Jan 20 13:50:49 CST 2015.
    -->
    delete from decorate
    where id = #{id,jdbcType=INTEGER}
  </delete>
  <delete id="deleteByExample" parameterType="com.smartcommunity.pojo.DecorateExample" >
    <!--
      WARNING - @mbggenerated
      This element is automatically generated by MyBatis Generator, do not modify.
      This element was generated on Tue Jan 20 13:50:49 CST 2015.
    -->
    delete from decorate
    <if test="_parameter != null" >
      <include refid="Example_Where_Clause" />
    </if>
  </delete>
  <insert id="insert" parameterType="com.smartcommunity.pojo.Decorate" >
    <!--
      WARNING - @mbggenerated
      This element is automatically generated by MyBatis Generator, do not modify.
      This element was generated on Tue Jan 20 13:50:49 CST 2015.
    -->
    insert into decorate (id, roomnumber, ownername, 
      phone, isjianzhuang, hasdecprotocol, 
      hasdecform, hasdeclicence, remarks, 
      iscomplete)
    values (#{id,jdbcType=INTEGER}, #{roomnumber,jdbcType=VARCHAR}, #{ownername,jdbcType=VARCHAR}, 
      #{phone,jdbcType=VARCHAR}, #{isjianzhuang,jdbcType=BIT}, #{hasdecprotocol,jdbcType=BIT}, 
      #{hasdecform,jdbcType=BIT}, #{hasdeclicence,jdbcType=BIT}, #{remarks,jdbcType=VARCHAR}, 
      #{iscomplete,jdbcType=BIT})
  </insert>
  <insert id="insertSelective" parameterType="com.smartcommunity.pojo.Decorate" >
    <!--
      WARNING - @mbggenerated
      This element is automatically generated by MyBatis Generator, do not modify.
      This element was generated on Tue Jan 20 13:50:49 CST 2015.
    -->
    insert into decorate
    <trim prefix="(" suffix=")" suffixOverrides="," >
      <if test="id != null" >
        id,
      </if>
      <if test="roomnumber != null" >
        roomnumber,
      </if>
      <if test="ownername != null" >
        ownername,
      </if>
      <if test="phone != null" >
        phone,
      </if>
      <if test="isjianzhuang != null" >
        isjianzhuang,
      </if>
      <if test="hasdecprotocol != null" >
        hasdecprotocol,
      </if>
      <if test="hasdecform != null" >
        hasdecform,
      </if>
      <if test="hasdeclicence != null" >
        hasdeclicence,
      </if>
      <if test="remarks != null" >
        remarks,
      </if>
      <if test="iscomplete != null" >
        iscomplete,
      </if>
    </trim>
    <trim prefix="values (" suffix=")" suffixOverrides="," >
      <if test="id != null" >
        #{id,jdbcType=INTEGER},
      </if>
      <if test="roomnumber != null" >
        #{roomnumber,jdbcType=VARCHAR},
      </if>
      <if test="ownername != null" >
        #{ownername,jdbcType=VARCHAR},
      </if>
      <if test="phone != null" >
        #{phone,jdbcType=VARCHAR},
      </if>
      <if test="isjianzhuang != null" >
        #{isjianzhuang,jdbcType=BIT},
      </if>
      <if test="hasdecprotocol != null" >
        #{hasdecprotocol,jdbcType=BIT},
      </if>
      <if test="hasdecform != null" >
        #{hasdecform,jdbcType=BIT},
      </if>
      <if test="hasdeclicence != null" >
        #{hasdeclicence,jdbcType=BIT},
      </if>
      <if test="remarks != null" >
        #{remarks,jdbcType=VARCHAR},
      </if>
      <if test="iscomplete != null" >
        #{iscomplete,jdbcType=BIT},
      </if>
    </trim>
  </insert>
  <select id="countByExample" parameterType="com.smartcommunity.pojo.DecorateExample" resultType="java.lang.Integer" >
    <!--
      WARNING - @mbggenerated
      This element is automatically generated by MyBatis Generator, do not modify.
      This element was generated on Tue Jan 20 13:50:49 CST 2015.
    -->
    select count(*) from decorate
    <if test="_parameter != null" >
      <include refid="Example_Where_Clause" />
    </if>
  </select>
  <update id="updateByExampleSelective" parameterType="map" >
    <!--
      WARNING - @mbggenerated
      This element is automatically generated by MyBatis Generator, do not modify.
      This element was generated on Tue Jan 20 13:50:49 CST 2015.
    -->
    update decorate
    <set >
      <if test="record.id != null" >
        id = #{record.id,jdbcType=INTEGER},
      </if>
      <if test="record.roomnumber != null" >
        roomnumber = #{record.roomnumber,jdbcType=VARCHAR},
      </if>
      <if test="record.ownername != null" >
        ownername = #{record.ownername,jdbcType=VARCHAR},
      </if>
      <if test="record.phone != null" >
        phone = #{record.phone,jdbcType=VARCHAR},
      </if>
      <if test="record.isjianzhuang != null" >
        isjianzhuang = #{record.isjianzhuang,jdbcType=BIT},
      </if>
      <if test="record.hasdecprotocol != null" >
        hasdecprotocol = #{record.hasdecprotocol,jdbcType=BIT},
      </if>
      <if test="record.hasdecform != null" >
        hasdecform = #{record.hasdecform,jdbcType=BIT},
      </if>
      <if test="record.hasdeclicence != null" >
        hasdeclicence = #{record.hasdeclicence,jdbcType=BIT},
      </if>
      <if test="record.remarks != null" >
        remarks = #{record.remarks,jdbcType=VARCHAR},
      </if>
      <if test="record.iscomplete != null" >
        iscomplete = #{record.iscomplete,jdbcType=BIT},
      </if>
    </set>
    <if test="_parameter != null" >
      <include refid="Update_By_Example_Where_Clause" />
    </if>
  </update>
  <update id="updateByExample" parameterType="map" >
    <!--
      WARNING - @mbggenerated
      This element is automatically generated by MyBatis Generator, do not modify.
      This element was generated on Tue Jan 20 13:50:49 CST 2015.
    -->
    update decorate
    set id = #{record.id,jdbcType=INTEGER},
      roomnumber = #{record.roomnumber,jdbcType=VARCHAR},
      ownername = #{record.ownername,jdbcType=VARCHAR},
      phone = #{record.phone,jdbcType=VARCHAR},
      isjianzhuang = #{record.isjianzhuang,jdbcType=BIT},
      hasdecprotocol = #{record.hasdecprotocol,jdbcType=BIT},
      hasdecform = #{record.hasdecform,jdbcType=BIT},
      hasdeclicence = #{record.hasdeclicence,jdbcType=BIT},
      remarks = #{record.remarks,jdbcType=VARCHAR},
      iscomplete = #{record.iscomplete,jdbcType=BIT}
    <if test="_parameter != null" >
      <include refid="Update_By_Example_Where_Clause" />
    </if>
  </update>
  <update id="updateByPrimaryKeySelective" parameterType="com.smartcommunity.pojo.Decorate" >
    <!--
      WARNING - @mbggenerated
      This element is automatically generated by MyBatis Generator, do not modify.
      This element was generated on Tue Jan 20 13:50:49 CST 2015.
    -->
    update decorate
    <set >
      <if test="roomnumber != null" >
        roomnumber = #{roomnumber,jdbcType=VARCHAR},
      </if>
      <if test="ownername != null" >
        ownername = #{ownername,jdbcType=VARCHAR},
      </if>
      <if test="phone != null" >
        phone = #{phone,jdbcType=VARCHAR},
      </if>
      <if test="isjianzhuang != null" >
        isjianzhuang = #{isjianzhuang,jdbcType=BIT},
      </if>
      <if test="hasdecprotocol != null" >
        hasdecprotocol = #{hasdecprotocol,jdbcType=BIT},
      </if>
      <if test="hasdecform != null" >
        hasdecform = #{hasdecform,jdbcType=BIT},
      </if>
      <if test="hasdeclicence != null" >
        hasdeclicence = #{hasdeclicence,jdbcType=BIT},
      </if>
      <if test="remarks != null" >
        remarks = #{remarks,jdbcType=VARCHAR},
      </if>
      <if test="iscomplete != null" >
        iscomplete = #{iscomplete,jdbcType=BIT},
      </if>
    </set>
    where id = #{id,jdbcType=INTEGER}
  </update>
  <update id="updateByPrimaryKey" parameterType="com.smartcommunity.pojo.Decorate" >
    <!--
      WARNING - @mbggenerated
      This element is automatically generated by MyBatis Generator, do not modify.
      This element was generated on Tue Jan 20 13:50:49 CST 2015.
    -->
    update decorate
    set roomnumber = #{roomnumber,jdbcType=VARCHAR},
      ownername = #{ownername,jdbcType=VARCHAR},
      phone = #{phone,jdbcType=VARCHAR},
      isjianzhuang = #{isjianzhuang,jdbcType=BIT},
      hasdecprotocol = #{hasdecprotocol,jdbcType=BIT},
      hasdecform = #{hasdecform,jdbcType=BIT},
      hasdeclicence = #{hasdeclicence,jdbcType=BIT},
      remarks = #{remarks,jdbcType=VARCHAR},
      iscomplete = #{iscomplete,jdbcType=BIT}
    where id = #{id,jdbcType=INTEGER}
  </update>
</mapper>