<?xml version="1.0" encoding="UTF-8" ?>
<!DOCTYPE mapper PUBLIC "-//mybatis.org//DTD Mapper 3.0//EN" "http://mybatis.org/dtd/mybatis-3-mapper.dtd" >
<mapper namespace="com.smartcommunity.mapper.RepairMapper" >
  <resultMap id="BaseResultMap" type="com.smartcommunity.pojo.Repair" >
    <!--
      WARNING - @mbggenerated
      This element is automatically generated by MyBatis Generator, do not modify.
      This element was generated on Wed Dec 31 16:36:35 CST 2014.
    -->
    <id column="id" property="id" jdbcType="INTEGER" />
    <result column="roomnumber" property="roomnumber" jdbcType="VARCHAR" />
    <result column="username" property="username" jdbcType="VARCHAR" />
    <result column="phone" property="phone" jdbcType="VARCHAR" />
    <result column="devicename" property="devicename" jdbcType="VARCHAR" />
    <result column="description" property="description" jdbcType="VARCHAR" />
    <result column="date" property="date" jdbcType="TIMESTAMP" />
    <result column="processedsituation" property="processedsituation" jdbcType="VARCHAR" />
    <result column="processedstate" property="processedstate" jdbcType="INTEGER" />
    <result column="serviceman" property="serviceman" jdbcType="VARCHAR" />
    <result column="processedtime" property="processedtime" jdbcType="TIMESTAMP" />
    <!-- 属性名更改 -->
    <result column="result" property="feedback" jdbcType="VARCHAR" />
    <result column="address" property="address" jdbcType="VARCHAR" />
  </resultMap>
  
  <sql id="Example_Where_Clause" >
    <!--
      WARNING - @mbggenerated
      This element is automatically generated by MyBatis Generator, do not modify.
      This element was generated on Wed Dec 31 16:36:35 CST 2014.
    -->
    <where >
      <foreach collection="oredCriteria" item="criteria" separator="or" >
        <if test="criteria.valid" >
          <trim prefix="(" suffix=")" prefixOverrides="and" >
            <foreach collection="criteria.criteria" item="criterion" >
              <choose >
                <when test="criterion.noValue" >
                  and ${criterion.condition}
                </when>
                <when test="criterion.singleValue" >
                  and ${criterion.condition} #{criterion.value}
                </when>
                <when test="criterion.betweenValue" >
                  and ${criterion.condition} #{criterion.value} and #{criterion.secondValue}
                </when>
                <when test="criterion.listValue" >
                  and ${criterion.condition}
                  <foreach collection="criterion.value" item="listItem" open="(" close=")" separator="," >
                    #{listItem}
                  </foreach>
                </when>
              </choose>
            </foreach>
          </trim>
        </if>
      </foreach>
    </where>
  </sql>
  <sql id="Update_By_Example_Where_Clause" >
    <!--
      WARNING - @mbggenerated
      This element is automatically generated by MyBatis Generator, do not modify.
      This element was generated on Wed Dec 31 16:36:35 CST 2014.
    -->
    <where >
      <foreach collection="example.oredCriteria" item="criteria" separator="or" >
        <if test="criteria.valid" >
          <trim prefix="(" suffix=")" prefixOverrides="and" >
            <foreach collection="criteria.criteria" item="criterion" >
              <choose >
                <when test="criterion.noValue" >
                  and ${criterion.condition}
                </when>
                <when test="criterion.singleValue" >
                  and ${criterion.condition} #{criterion.value}
                </when>
                <when test="criterion.betweenValue" >
                  and ${criterion.condition} #{criterion.value} and #{criterion.secondValue}
                </when>
                <when test="criterion.listValue" >
                  and ${criterion.condition}
                  <foreach collection="criterion.value" item="listItem" open="(" close=")" separator="," >
                    #{listItem}
                  </foreach>
                </when>
              </choose>
            </foreach>
          </trim>
        </if>
      </foreach>
    </where>
  </sql>
  <sql id="Base_Column_List" >
    <!--
      WARNING - @mbggenerated
      This element is automatically generated by MyBatis Generator, do not modify.
      This element was generated on Wed Dec 31 16:36:35 CST 2014.
    -->
    id, roomnumber, username, phone, devicename, description, date, processedsituation, 
    processedstate, serviceman, processedtime, result, address
  </sql>
  <select id="selectByExample" resultMap="BaseResultMap" parameterType="com.smartcommunity.pojo.RepairExample" >
    <!--
      WARNING - @mbggenerated
      This element is automatically generated by MyBatis Generator, do not modify.
      This element was generated on Wed Dec 31 16:36:35 CST 2014.
    -->
    select
    <if test="distinct" >
      distinct
    </if>
    <include refid="Base_Column_List" />
    from repair
    <if test="_parameter != null" >
      <include refid="Example_Where_Clause" />
    </if>
    <if test="orderByClause != null" >
      order by ${orderByClause}
    </if>
  </select>
  <select id="selectByPrimaryKey" resultMap="BaseResultMap" parameterType="java.lang.Integer" >
    <!--
      WARNING - @mbggenerated
      This element is automatically generated by MyBatis Generator, do not modify.
      This element was generated on Wed Dec 31 16:36:35 CST 2014.
    -->
    select 
    <include refid="Base_Column_List" />
    from repair
    where id = #{id,jdbcType=INTEGER}
  </select>
  <delete id="deleteByPrimaryKey" parameterType="java.lang.Integer" >
    <!--
      WARNING - @mbggenerated
      This element is automatically generated by MyBatis Generator, do not modify.
      This element was generated on Wed Dec 31 16:36:35 CST 2014.
    -->
    delete from repair
    where id = #{id,jdbcType=INTEGER}
  </delete>
  <delete id="deleteByExample" parameterType="com.smartcommunity.pojo.RepairExample" >
    <!--
      WARNING - @mbggenerated
      This element is automatically generated by MyBatis Generator, do not modify.
      This element was generated on Wed Dec 31 16:36:35 CST 2014.
    -->
    delete from repair
    <if test="_parameter != null" >
      <include refid="Example_Where_Clause" />
    </if>
  </delete>
  <!-- modify_y 增加  useGeneratedKeys="true" keyProperty="id" -->
  <insert id="insert" parameterType="com.smartcommunity.pojo.Repair" useGeneratedKeys="true" keyProperty="id">
    <!--
      WARNING - @mbggenerated
      This element is automatically generated by MyBatis Generator, do not modify.
      This element was generated on Wed Dec 31 16:36:35 CST 2014.
    -->
    insert into repair (id, roomnumber, username, 
      phone, devicename, description, 
      date, processedsituation, processedstate, 
      serviceman, processedtime, result, 
      address)
    values (#{id,jdbcType=INTEGER}, #{roomnumber,jdbcType=VARCHAR}, #{username,jdbcType=VARCHAR}, 
      #{phone,jdbcType=VARCHAR}, #{devicename,jdbcType=VARCHAR}, #{description,jdbcType=VARCHAR}, 
      #{date,jdbcType=TIMESTAMP}, #{processedsituation,jdbcType=VARCHAR}, #{processedstate,jdbcType=INTEGER}, 
      #{serviceman,jdbcType=VARCHAR}, #{processedtime,jdbcType=TIMESTAMP}, #{feedback,jdbcType=VARCHAR}, 
      #{address,jdbcType=VARCHAR})
  </insert>
  <!-- modify_y -->
  <insert id="insertSelective" parameterType="com.smartcommunity.pojo.Repair" useGeneratedKeys="true" keyProperty="id">
    <!--
      WARNING - @mbggenerated
      This element is automatically generated by MyBatis Generator, do not modify.
      This element was generated on Wed Dec 31 16:36:35 CST 2014.
    -->
    insert into repair
    <trim prefix="(" suffix=")" suffixOverrides="," >
      <if test="id != null" >
        id,
      </if>
      <if test="roomnumber != null" >
        roomnumber,
      </if>
      <if test="username != null" >
        username,
      </if>
      <if test="phone != null" >
        phone,
      </if>
      <if test="devicename != null" >
        devicename,
      </if>
      <if test="description != null" >
        description,
      </if>
      <if test="date != null" >
        date,
      </if>
      <if test="processedsituation != null" >
        processedsituation,
      </if>
      <if test="processedstate != null" >
        processedstate,
      </if>
      <if test="serviceman != null" >
        serviceman,
      </if>
      <if test="processedtime != null" >
        processedtime,
      </if>
      <if test="feedback != null" >
        result,
      </if>
      <if test="address != null" >
        address,
      </if>
    </trim>
    <trim prefix="values (" suffix=")" suffixOverrides="," >
      <if test="id != null" >
        #{id,jdbcType=INTEGER},
      </if>
      <if test="roomnumber != null" >
        #{roomnumber,jdbcType=VARCHAR},
      </if>
      <if test="username != null" >
        #{username,jdbcType=VARCHAR},
      </if>
      <if test="phone != null" >
        #{phone,jdbcType=VARCHAR},
      </if>
      <if test="devicename != null" >
        #{devicename,jdbcType=VARCHAR},
      </if>
      <if test="description != null" >
        #{description,jdbcType=VARCHAR},
      </if>
      <if test="date != null" >
        #{date,jdbcType=TIMESTAMP},
      </if>
      <if test="processedsituation != null" >
        #{processedsituation,jdbcType=VARCHAR},
      </if>
      <if test="processedstate != null" >
        #{processedstate,jdbcType=INTEGER},
      </if>
      <if test="serviceman != null" >
        #{serviceman,jdbcType=VARCHAR},
      </if>
      <if test="processedtime != null" >
        #{processedtime,jdbcType=TIMESTAMP},
      </if>
      <if test="feedback != null" >
        #{feedback,jdbcType=VARCHAR},
      </if>
      <if test="address != null" >
        #{address,jdbcType=VARCHAR},
      </if>
    </trim>
  </insert>
  <select id="countByExample" parameterType="com.smartcommunity.pojo.RepairExample" resultType="java.lang.Integer" >
    <!--
      WARNING - @mbggenerated
      This element is automatically generated by MyBatis Generator, do not modify.
      This element was generated on Wed Dec 31 16:36:35 CST 2014.
    -->
    select count(*) from repair
    <if test="_parameter != null" >
      <include refid="Example_Where_Clause" />
    </if>
  </select>
  <update id="updateByExampleSelective" parameterType="map" >
    <!--
      WARNING - @mbggenerated
      This element is automatically generated by MyBatis Generator, do not modify.
      This element was generated on Wed Dec 31 16:36:35 CST 2014.
    -->
    update repair
    <set >
      <if test="record.id != null" >
        id = #{record.id,jdbcType=INTEGER},
      </if>
      <if test="record.roomnumber != null" >
        roomnumber = #{record.roomnumber,jdbcType=VARCHAR},
      </if>
      <if test="record.username != null" >
        username = #{record.username,jdbcType=VARCHAR},
      </if>
      <if test="record.phone != null" >
        phone = #{record.phone,jdbcType=VARCHAR},
      </if>
      <if test="record.devicename != null" >
        devicename = #{record.devicename,jdbcType=VARCHAR},
      </if>
      <if test="record.description != null" >
        description = #{record.description,jdbcType=VARCHAR},
      </if>
      <if test="record.date != null" >
        date = #{record.date,jdbcType=TIMESTAMP},
      </if>
      <if test="record.processedsituation != null" >
        processedsituation = #{record.processedsituation,jdbcType=VARCHAR},
      </if>
      <if test="record.processedstate != null" >
        processedstate = #{record.processedstate,jdbcType=INTEGER},
      </if>
      <if test="record.serviceman != null" >
        serviceman = #{record.serviceman,jdbcType=VARCHAR},
      </if>
      <if test="record.processedtime != null" >
        processedtime = #{record.processedtime,jdbcType=TIMESTAMP},
      </if>
      <if test="record.feedback != null" >
        result = #{record.feedback,jdbcType=VARCHAR},
      </if>
      <if test="record.address != null" >
        address = #{record.address,jdbcType=VARCHAR},
      </if>
    </set>
    <if test="_parameter != null" >
      <include refid="Update_By_Example_Where_Clause" />
    </if>
  </update>
  <update id="updateByExample" parameterType="map" >
    <!--
      WARNING - @mbggenerated
      This element is automatically generated by MyBatis Generator, do not modify.
      This element was generated on Wed Dec 31 16:36:35 CST 2014.
    -->
    update repair
    set id = #{record.id,jdbcType=INTEGER},
      roomnumber = #{record.roomnumber,jdbcType=VARCHAR},
      username = #{record.username,jdbcType=VARCHAR},
      phone = #{record.phone,jdbcType=VARCHAR},
      devicename = #{record.devicename,jdbcType=VARCHAR},
      description = #{record.description,jdbcType=VARCHAR},
      date = #{record.date,jdbcType=TIMESTAMP},
      processedsituation = #{record.processedsituation,jdbcType=VARCHAR},
      processedstate = #{record.processedstate,jdbcType=INTEGER},
      serviceman = #{record.serviceman,jdbcType=VARCHAR},
      processedtime = #{record.processedtime,jdbcType=TIMESTAMP},
      result = #{record.feedback,jdbcType=VARCHAR},
      address = #{record.address,jdbcType=VARCHAR}
    <if test="_parameter != null" >
      <include refid="Update_By_Example_Where_Clause" />
    </if>
  </update>
  <update id="updateByPrimaryKeySelective" parameterType="com.smartcommunity.pojo.Repair" >
    <!--
      WARNING - @mbggenerated
      This element is automatically generated by MyBatis Generator, do not modify.
      This element was generated on Wed Dec 31 16:36:35 CST 2014.
    -->
    update repair
    <set >
      <if test="roomnumber != null" >
        roomnumber = #{roomnumber,jdbcType=VARCHAR},
      </if>
      <if test="username != null" >
        username = #{username,jdbcType=VARCHAR},
      </if>
      <if test="phone != null" >
        phone = #{phone,jdbcType=VARCHAR},
      </if>
      <if test="devicename != null" >
        devicename = #{devicename,jdbcType=VARCHAR},
      </if>
      <if test="description != null" >
        description = #{description,jdbcType=VARCHAR},
      </if>
      <if test="date != null" >
        date = #{date,jdbcType=TIMESTAMP},
      </if>
      <if test="processedsituation != null" >
        processedsituation = #{processedsituation,jdbcType=VARCHAR},
      </if>
      <if test="processedstate != null" >
        processedstate = #{processedstate,jdbcType=INTEGER},
      </if>
      <if test="serviceman != null" >
        serviceman = #{serviceman,jdbcType=VARCHAR},
      </if>
      <if test="processedtime != null" >
        processedtime = #{processedtime,jdbcType=TIMESTAMP},
      </if>
      <if test="feedback != null" >
        result = #{feedback,jdbcType=VARCHAR},
      </if>
      <if test="address != null" >
        address = #{address,jdbcType=VARCHAR},
      </if>
    </set>
    where id = #{id,jdbcType=INTEGER}
  </update>
  <update id="updateByPrimaryKey" parameterType="com.smartcommunity.pojo.Repair" >
    <!--
      WARNING - @mbggenerated
      This element is automatically generated by MyBatis Generator, do not modify.
      This element was generated on Wed Dec 31 16:36:35 CST 2014.
    -->
    update repair
    set roomnumber = #{roomnumber,jdbcType=VARCHAR},
      username = #{username,jdbcType=VARCHAR},
      phone = #{phone,jdbcType=VARCHAR},
      devicename = #{devicename,jdbcType=VARCHAR},
      description = #{description,jdbcType=VARCHAR},
      date = #{date,jdbcType=TIMESTAMP},
      processedsituation = #{processedsituation,jdbcType=VARCHAR},
      processedstate = #{processedstate,jdbcType=INTEGER},
      serviceman = #{serviceman,jdbcType=VARCHAR},
      processedtime = #{processedtime,jdbcType=TIMESTAMP},
      result = #{feedback,jdbcType=VARCHAR},
      address = #{address,jdbcType=VARCHAR}
    where id = #{id,jdbcType=INTEGER}
  </update>
  
  	<!-- add -->
  
  	<!--  -->
 <select id="selectByPage" resultMap="BaseResultMap" parameterType="com.smartcommunity.interceptor.Page" >
    <!--
      WARNING - @mbggenerated
      This element is automatically generated by MyBatis Generator, do not modify.
      This element was generated on Sun Jan 04 11:30:35 CST 2015.
    -->
    select 
    <include refid="Base_Column_List" />
    from repair
  </select>
  
 <!-- 测试多表查询 -->
 
 <!-- 报修信息映射 -->
   <resultMap id="RepairBaseResultMap" type="com.smartcommunity.pojo.Repair" >

    <id column="repair_id" property="id" jdbcType="INTEGER" />
    <result column="repair_roomnumber" property="roomnumber" jdbcType="VARCHAR" />
    <result column="repair_username" property="username" jdbcType="VARCHAR" />
    <result column="repair_phone" property="phone" jdbcType="VARCHAR" />
    <result column="repair_devicename" property="devicename" jdbcType="VARCHAR" />
    <result column="repair_description" property="description" jdbcType="VARCHAR" />
    <result column="repair_date" property="date" jdbcType="TIMESTAMP" />
    <result column="repair_processedsituation" property="processedsituation" jdbcType="VARCHAR" />
    <result column="repair_processedstate" property="processedstate" jdbcType="INTEGER" />
    <result column="repair_serviceman" property="serviceman" jdbcType="VARCHAR" />
    <result column="repair_processedtime" property="processedtime" jdbcType="TIMESTAMP" />
    <result column="repair_result" property="feedback" jdbcType="VARCHAR" />
    <result column="repair_address" property="address" jdbcType="VARCHAR" />
    <collection property="repairimages" ofType="com.smartcommunity.pojo.Repairimages" resultMap="RepairimagesBaseResultMap" columnPrefix="repairimages_"/>
  </resultMap>
  
   <!-- 报修信息图片映射 -->
    <resultMap id="RepairimagesBaseResultMap" type="com.smartcommunity.pojo.Repairimages" >

    <id column="id" property="id" jdbcType="INTEGER" />
    <result column="repairid" property="repairid" jdbcType="INTEGER" />
    <result column="url" property="url" jdbcType="VARCHAR" />
  </resultMap>
  <!-- 字段引用 -->
  <sql id="repairAndImages">
    repair.id 							as	 	repair_id,
    repair.roomnumber 			as		repair_roomnumber,
    repair.username				as 	repair_username,
    repair.phone					as 	repair_phone,
    repair.devicename			as		repair_devicename,
    repair.description				as		repair_description,
    repair.date						as		repair_date,
    repair.processedsituation	as		repair_processedsituation,
    repair.processedstate		as		repair_processedstate,
   	repair.serviceman				as	 	repair_serviceman,
    repair.processedtime			as		repair_processedtime,
    repair.result						as		repair_result,
    repair.address					as		repair_address,
    repairimages.id					as		repairimages_id,
    repairimages.repairid			as		repairimages_repairid,
    repairimages.url				as		repairimages_url
  </sql>
  
   <select id="selectRepairAndImages" resultMap="RepairBaseResultMap" >

    select 
    <include refid="repairAndImages" />
    from repair
    left outer join repairimages on repair.id = repairimages.repairid 
    <if test="_parameter != null" >
      <include refid="Update_By_Example_Where_Clause" />
    </if>
  
    order by repair.date desc
  </select>
</mapper>