<?xml version="1.0" encoding="UTF-8"?>
<!DOCTYPE mapper PUBLIC "-//mybatis.org//DTD Mapper 3.0//EN" "http://mybatis.org/dtd/mybatis-3-mapper.dtd">
<mapper namespace="com.smartcommunity.mapper.ResourcesMapper">
  <resultMap id="BaseResultMap" type="com.smartcommunity.pojo.Resources">
    <!--
      WARNING - @mbggenerated
      This element is automatically generated by MyBatis Generator, do not modify.
      This element was generated on Sat Jan 31 16:40:36 CST 2015.
    -->
    <id column="id" jdbcType="INTEGER" property="id" />
    <result column="roleid" jdbcType="INTEGER" property="roleid" />
    <result column="url" jdbcType="VARCHAR" property="url" />
    <result column="description" jdbcType="VARCHAR" property="description" />
    <result column="params" jdbcType="VARCHAR" property="params" />
    <result column="result" jdbcType="VARCHAR" property="result" />
    <result column="remarks" jdbcType="VARCHAR" property="remarks" />
  </resultMap>
  <sql id="Example_Where_Clause">
    <!--
      WARNING - @mbggenerated
      This element is automatically generated by MyBatis Generator, do not modify.
      This element was generated on Sat Jan 31 16:40:36 CST 2015.
    -->
    <where>
      <foreach collection="oredCriteria" item="criteria" separator="or">
        <if test="criteria.valid">
          <trim prefix="(" prefixOverrides="and" suffix=")">
            <foreach collection="criteria.criteria" item="criterion">
              <choose>
                <when test="criterion.noValue">
                  and ${criterion.condition}
                </when>
                <when test="criterion.singleValue">
                  and ${criterion.condition} #{criterion.value}
                </when>
                <when test="criterion.betweenValue">
                  and ${criterion.condition} #{criterion.value} and #{criterion.secondValue}
                </when>
                <when test="criterion.listValue">
                  and ${criterion.condition}
                  <foreach close=")" collection="criterion.value" item="listItem" open="(" separator=",">
                    #{listItem}
                  </foreach>
                </when>
              </choose>
            </foreach>
          </trim>
        </if>
      </foreach>
    </where>
  </sql>
  <sql id="Update_By_Example_Where_Clause">
    <!--
      WARNING - @mbggenerated
      This element is automatically generated by MyBatis Generator, do not modify.
      This element was generated on Sat Jan 31 16:40:36 CST 2015.
    -->
    <where>
      <foreach collection="example.oredCriteria" item="criteria" separator="or">
        <if test="criteria.valid">
          <trim prefix="(" prefixOverrides="and" suffix=")">
            <foreach collection="criteria.criteria" item="criterion">
              <choose>
                <when test="criterion.noValue">
                  and ${criterion.condition}
                </when>
                <when test="criterion.singleValue">
                  and ${criterion.condition} #{criterion.value}
                </when>
                <when test="criterion.betweenValue">
                  and ${criterion.condition} #{criterion.value} and #{criterion.secondValue}
                </when>
                <when test="criterion.listValue">
                  and ${criterion.condition}
                  <foreach close=")" collection="criterion.value" item="listItem" open="(" separator=",">
                    #{listItem}
                  </foreach>
                </when>
              </choose>
            </foreach>
          </trim>
        </if>
      </foreach>
    </where>
  </sql>
  <sql id="Base_Column_List">
    <!--
      WARNING - @mbggenerated
      This element is automatically generated by MyBatis Generator, do not modify.
      This element was generated on Sat Jan 31 16:40:36 CST 2015.
    -->
    id, roleid, url, description, params, result, remarks
  </sql>
  <select id="selectByExample" parameterType="com.smartcommunity.pojo.ResourcesExample" resultMap="BaseResultMap">
    <!--
      WARNING - @mbggenerated
      This element is automatically generated by MyBatis Generator, do not modify.
      This element was generated on Sat Jan 31 16:40:36 CST 2015.
    -->
    select
    <if test="distinct">
      distinct
    </if>
    <include refid="Base_Column_List" />
    from resources
    <if test="_parameter != null">
      <include refid="Example_Where_Clause" />
    </if>
    <if test="orderByClause != null">
      order by ${orderByClause}
    </if>
  </select>
  <select id="selectByPrimaryKey" parameterType="java.lang.Integer" resultMap="BaseResultMap">
    <!--
      WARNING - @mbggenerated
      This element is automatically generated by MyBatis Generator, do not modify.
      This element was generated on Sat Jan 31 16:40:36 CST 2015.
    -->
    select 
    <include refid="Base_Column_List" />
    from resources
    where id = #{id,jdbcType=INTEGER}
  </select>
  <delete id="deleteByPrimaryKey" parameterType="java.lang.Integer">
    <!--
      WARNING - @mbggenerated
      This element is automatically generated by MyBatis Generator, do not modify.
      This element was generated on Sat Jan 31 16:40:36 CST 2015.
    -->
    delete from resources
    where id = #{id,jdbcType=INTEGER}
  </delete>
  <delete id="deleteByExample" parameterType="com.smartcommunity.pojo.ResourcesExample">
    <!--
      WARNING - @mbggenerated
      This element is automatically generated by MyBatis Generator, do not modify.
      This element was generated on Sat Jan 31 16:40:36 CST 2015.
    -->
    delete from resources
    <if test="_parameter != null">
      <include refid="Example_Where_Clause" />
    </if>
  </delete>
  <insert id="insert" parameterType="com.smartcommunity.pojo.Resources">
    <!--
      WARNING - @mbggenerated
      This element is automatically generated by MyBatis Generator, do not modify.
      This element was generated on Sat Jan 31 16:40:36 CST 2015.
    -->
    insert into resources (id, roleid, url, 
      description, params, result, 
      remarks)
    values (#{id,jdbcType=INTEGER}, #{roleid,jdbcType=INTEGER}, #{url,jdbcType=VARCHAR}, 
      #{description,jdbcType=VARCHAR}, #{params,jdbcType=VARCHAR}, #{result,jdbcType=VARCHAR}, 
      #{remarks,jdbcType=VARCHAR})
  </insert>
  <insert id="insertSelective" parameterType="com.smartcommunity.pojo.Resources">
    <!--
      WARNING - @mbggenerated
      This element is automatically generated by MyBatis Generator, do not modify.
      This element was generated on Sat Jan 31 16:40:36 CST 2015.
    -->
    insert into resources
    <trim prefix="(" suffix=")" suffixOverrides=",">
      <if test="id != null">
        id,
      </if>
      <if test="roleid != null">
        roleid,
      </if>
      <if test="url != null">
        url,
      </if>
      <if test="description != null">
        description,
      </if>
      <if test="params != null">
        params,
      </if>
      <if test="result != null">
        result,
      </if>
      <if test="remarks != null">
        remarks,
      </if>
    </trim>
    <trim prefix="values (" suffix=")" suffixOverrides=",">
      <if test="id != null">
        #{id,jdbcType=INTEGER},
      </if>
      <if test="roleid != null">
        #{roleid,jdbcType=INTEGER},
      </if>
      <if test="url != null">
        #{url,jdbcType=VARCHAR},
      </if>
      <if test="description != null">
        #{description,jdbcType=VARCHAR},
      </if>
      <if test="params != null">
        #{params,jdbcType=VARCHAR},
      </if>
      <if test="result != null">
        #{result,jdbcType=VARCHAR},
      </if>
      <if test="remarks != null">
        #{remarks,jdbcType=VARCHAR},
      </if>
    </trim>
  </insert>
  <select id="countByExample" parameterType="com.smartcommunity.pojo.ResourcesExample" resultType="java.lang.Integer">
    <!--
      WARNING - @mbggenerated
      This element is automatically generated by MyBatis Generator, do not modify.
      This element was generated on Sat Jan 31 16:40:36 CST 2015.
    -->
    select count(*) from resources
    <if test="_parameter != null">
      <include refid="Example_Where_Clause" />
    </if>
  </select>
  <update id="updateByExampleSelective" parameterType="map">
    <!--
      WARNING - @mbggenerated
      This element is automatically generated by MyBatis Generator, do not modify.
      This element was generated on Sat Jan 31 16:40:36 CST 2015.
    -->
    update resources
    <set>
      <if test="record.id != null">
        id = #{record.id,jdbcType=INTEGER},
      </if>
      <if test="record.roleid != null">
        roleid = #{record.roleid,jdbcType=INTEGER},
      </if>
      <if test="record.url != null">
        url = #{record.url,jdbcType=VARCHAR},
      </if>
      <if test="record.description != null">
        description = #{record.description,jdbcType=VARCHAR},
      </if>
      <if test="record.params != null">
        params = #{record.params,jdbcType=VARCHAR},
      </if>
      <if test="record.result != null">
        result = #{record.result,jdbcType=VARCHAR},
      </if>
      <if test="record.remarks != null">
        remarks = #{record.remarks,jdbcType=VARCHAR},
      </if>
    </set>
    <if test="_parameter != null">
      <include refid="Update_By_Example_Where_Clause" />
    </if>
  </update>
  <update id="updateByExample" parameterType="map">
    <!--
      WARNING - @mbggenerated
      This element is automatically generated by MyBatis Generator, do not modify.
      This element was generated on Sat Jan 31 16:40:36 CST 2015.
    -->
    update resources
    set id = #{record.id,jdbcType=INTEGER},
      roleid = #{record.roleid,jdbcType=INTEGER},
      url = #{record.url,jdbcType=VARCHAR},
      description = #{record.description,jdbcType=VARCHAR},
      params = #{record.params,jdbcType=VARCHAR},
      result = #{record.result,jdbcType=VARCHAR},
      remarks = #{record.remarks,jdbcType=VARCHAR}
    <if test="_parameter != null">
      <include refid="Update_By_Example_Where_Clause" />
    </if>
  </update>
  <update id="updateByPrimaryKeySelective" parameterType="com.smartcommunity.pojo.Resources">
    <!--
      WARNING - @mbggenerated
      This element is automatically generated by MyBatis Generator, do not modify.
      This element was generated on Sat Jan 31 16:40:36 CST 2015.
    -->
    update resources
    <set>
      <if test="roleid != null">
        roleid = #{roleid,jdbcType=INTEGER},
      </if>
      <if test="url != null">
        url = #{url,jdbcType=VARCHAR},
      </if>
      <if test="description != null">
        description = #{description,jdbcType=VARCHAR},
      </if>
      <if test="params != null">
        params = #{params,jdbcType=VARCHAR},
      </if>
      <if test="result != null">
        result = #{result,jdbcType=VARCHAR},
      </if>
      <if test="remarks != null">
        remarks = #{remarks,jdbcType=VARCHAR},
      </if>
    </set>
    where id = #{id,jdbcType=INTEGER}
  </update>
  <update id="updateByPrimaryKey" parameterType="com.smartcommunity.pojo.Resources">
    <!--
      WARNING - @mbggenerated
      This element is automatically generated by MyBatis Generator, do not modify.
      This element was generated on Sat Jan 31 16:40:36 CST 2015.
    -->
    update resources
    set roleid = #{roleid,jdbcType=INTEGER},
      url = #{url,jdbcType=VARCHAR},
      description = #{description,jdbcType=VARCHAR},
      params = #{params,jdbcType=VARCHAR},
      result = #{result,jdbcType=VARCHAR},
      remarks = #{remarks,jdbcType=VARCHAR}
    where id = #{id,jdbcType=INTEGER}
  </update>
  <!-- add_y -->
   <sql id="My_Base_Column_List">

    resources.id as id, url, description, params, result, resources.remarks as remarks
  </sql>
   <select id="selectByRoleId" parameterType="java.lang.Integer" resultMap="BaseResultMap">
 
    select
    <include refid="My_Base_Column_List" />
    from resources
    right outer join role_resources on resources.id=role_resources.resourceid
	where role_resources.roleid=#{roleid,jdbcType=INTEGER}
  </select>
  <!-- addend_y -->
</mapper>