<?xml version="1.0" encoding="UTF-8"?>
<!DOCTYPE mapper PUBLIC "-//mybatis.org//DTD Mapper 3.0//EN" "http://mybatis.org/dtd/mybatis-3-mapper.dtd">
<mapper namespace="com.smartcommunity.mapper.RoomMapper">
  <resultMap id="BaseResultMap" type="com.smartcommunity.pojo.Room">
    <!--
      WARNING - @mbggenerated
      This element is automatically generated by MyBatis Generator, do not modify.
      This element was generated on Tue Jan 20 16:35:08 CST 2015.
    -->
    <id column="id" jdbcType="INTEGER" property="id" />
    <result column="buildingnumber" jdbcType="VARCHAR" property="buildingnumber" />
    <result column="number" jdbcType="VARCHAR" property="number" />
    <result column="user" jdbcType="INTEGER" property="user" />
    <result column="buildingarea" jdbcType="REAL" property="buildingarea" />
    <result column="innerarea" jdbcType="REAL" property="innerarea" />
    <result column="publicarea" jdbcType="REAL" property="publicarea" />
    <result column="state" jdbcType="VARCHAR" property="state" />
    <result column="type" jdbcType="VARCHAR" property="type" />
    <result column="floor" jdbcType="INTEGER" property="floor" />
    <result column="targetgroup" jdbcType="VARCHAR" property="targetgroup" />
    <result column="startcharge" jdbcType="DATE" property="startcharge" />
  </resultMap>
  <sql id="Example_Where_Clause">
    <!--
      WARNING - @mbggenerated
      This element is automatically generated by MyBatis Generator, do not modify.
      This element was generated on Tue Jan 20 16:35:08 CST 2015.
    -->
    <where>
      <foreach collection="oredCriteria" item="criteria" separator="or">
        <if test="criteria.valid">
          <trim prefix="(" prefixOverrides="and" suffix=")">
            <foreach collection="criteria.criteria" item="criterion">
              <choose>
                <when test="criterion.noValue">
                  and ${criterion.condition}
                </when>
                <when test="criterion.singleValue">
                  and ${criterion.condition} #{criterion.value}
                </when>
                <when test="criterion.betweenValue">
                  and ${criterion.condition} #{criterion.value} and #{criterion.secondValue}
                </when>
                <when test="criterion.listValue">
                  and ${criterion.condition}
                  <foreach close=")" collection="criterion.value" item="listItem" open="(" separator=",">
                    #{listItem}
                  </foreach>
                </when>
              </choose>
            </foreach>
          </trim>
        </if>
      </foreach>
    </where>
  </sql>
  <sql id="Update_By_Example_Where_Clause">
    <!--
      WARNING - @mbggenerated
      This element is automatically generated by MyBatis Generator, do not modify.
      This element was generated on Tue Jan 20 16:35:08 CST 2015.
    -->
    <where>
      <foreach collection="example.oredCriteria" item="criteria" separator="or">
        <if test="criteria.valid">
          <trim prefix="(" prefixOverrides="and" suffix=")">
            <foreach collection="criteria.criteria" item="criterion">
              <choose>
                <when test="criterion.noValue">
                  and ${criterion.condition}
                </when>
                <when test="criterion.singleValue">
                  and ${criterion.condition} #{criterion.value}
                </when>
                <when test="criterion.betweenValue">
                  and ${criterion.condition} #{criterion.value} and #{criterion.secondValue}
                </when>
                <when test="criterion.listValue">
                  and ${criterion.condition}
                  <foreach close=")" collection="criterion.value" item="listItem" open="(" separator=",">
                    #{listItem}
                  </foreach>
                </when>
              </choose>
            </foreach>
          </trim>
        </if>
      </foreach>
    </where>
  </sql>
  <sql id="Base_Column_List">
    <!--
      WARNING - @mbggenerated
      This element is automatically generated by MyBatis Generator, do not modify.
      This element was generated on Tue Jan 20 16:35:08 CST 2015.
    -->
    id, buildingnumber, number, user, buildingarea, innerarea, publicarea, state, type, 
    floor, targetgroup, startcharge
  </sql>
  <select id="selectByExample" parameterType="com.smartcommunity.pojo.RoomExample" resultMap="BaseResultMap">
    <!--
      WARNING - @mbggenerated
      This element is automatically generated by MyBatis Generator, do not modify.
      This element was generated on Tue Jan 20 16:35:08 CST 2015.
    -->
    select
    <if test="distinct">
      distinct
    </if>
    <include refid="Base_Column_List" />
    from room
    <if test="_parameter != null">
      <include refid="Example_Where_Clause" />
    </if>
    <if test="orderByClause != null">
      order by ${orderByClause}
    </if>
  </select>
  <select id="selectByPrimaryKey" parameterType="java.lang.Integer" resultMap="BaseResultMap">
    <!--
      WARNING - @mbggenerated
      This element is automatically generated by MyBatis Generator, do not modify.
      This element was generated on Tue Jan 20 16:35:08 CST 2015.
    -->
    select 
    <include refid="Base_Column_List" />
    from room
    where id = #{id,jdbcType=INTEGER}
  </select>
  <delete id="deleteByPrimaryKey" parameterType="java.lang.Integer">
    <!--
      WARNING - @mbggenerated
      This element is automatically generated by MyBatis Generator, do not modify.
      This element was generated on Tue Jan 20 16:35:08 CST 2015.
    -->
    delete from room
    where id = #{id,jdbcType=INTEGER}
  </delete>
  <delete id="deleteByExample" parameterType="com.smartcommunity.pojo.RoomExample">
    <!--
      WARNING - @mbggenerated
      This element is automatically generated by MyBatis Generator, do not modify.
      This element was generated on Tue Jan 20 16:35:08 CST 2015.
    -->
    delete from room
    <if test="_parameter != null">
      <include refid="Example_Where_Clause" />
    </if>
  </delete>
  <insert id="insert" parameterType="com.smartcommunity.pojo.Room">
    <!--
      WARNING - @mbggenerated
      This element is automatically generated by MyBatis Generator, do not modify.
      This element was generated on Tue Jan 20 16:35:08 CST 2015.
    -->
    insert into room (id, buildingnumber, number, 
      user, buildingarea, innerarea, 
      publicarea, state, type, 
      floor, targetgroup, startcharge
      )
    values (#{id,jdbcType=INTEGER}, #{buildingnumber,jdbcType=VARCHAR}, #{number,jdbcType=VARCHAR}, 
      #{user,jdbcType=INTEGER}, #{buildingarea,jdbcType=REAL}, #{innerarea,jdbcType=REAL}, 
      #{publicarea,jdbcType=REAL}, #{state,jdbcType=VARCHAR}, #{type,jdbcType=VARCHAR}, 
      #{floor,jdbcType=INTEGER}, #{targetgroup,jdbcType=VARCHAR}, #{startcharge,jdbcType=DATE}
      )
  </insert>
  <insert id="insertSelective" parameterType="com.smartcommunity.pojo.Room">
    <!--
      WARNING - @mbggenerated
      This element is automatically generated by MyBatis Generator, do not modify.
      This element was generated on Tue Jan 20 16:35:08 CST 2015.
    -->
    insert into room
    <trim prefix="(" suffix=")" suffixOverrides=",">
      <if test="id != null">
        id,
      </if>
      <if test="buildingnumber != null">
        buildingnumber,
      </if>
      <if test="number != null">
        number,
      </if>
      <if test="user != null">
        user,
      </if>
      <if test="buildingarea != null">
        buildingarea,
      </if>
      <if test="innerarea != null">
        innerarea,
      </if>
      <if test="publicarea != null">
        publicarea,
      </if>
      <if test="state != null">
        state,
      </if>
      <if test="type != null">
        type,
      </if>
      <if test="floor != null">
        floor,
      </if>
      <if test="targetgroup != null">
        targetgroup,
      </if>
      <if test="startcharge != null">
        startcharge,
      </if>
    </trim>
    <trim prefix="values (" suffix=")" suffixOverrides=",">
      <if test="id != null">
        #{id,jdbcType=INTEGER},
      </if>
      <if test="buildingnumber != null">
        #{buildingnumber,jdbcType=VARCHAR},
      </if>
      <if test="number != null">
        #{number,jdbcType=VARCHAR},
      </if>
      <if test="user != null">
        #{user,jdbcType=INTEGER},
      </if>
      <if test="buildingarea != null">
        #{buildingarea,jdbcType=REAL},
      </if>
      <if test="innerarea != null">
        #{innerarea,jdbcType=REAL},
      </if>
      <if test="publicarea != null">
        #{publicarea,jdbcType=REAL},
      </if>
      <if test="state != null">
        #{state,jdbcType=VARCHAR},
      </if>
      <if test="type != null">
        #{type,jdbcType=VARCHAR},
      </if>
      <if test="floor != null">
        #{floor,jdbcType=INTEGER},
      </if>
      <if test="targetgroup != null">
        #{targetgroup,jdbcType=VARCHAR},
      </if>
      <if test="startcharge != null">
        #{startcharge,jdbcType=DATE},
      </if>
    </trim>
  </insert>
  <select id="countByExample" parameterType="com.smartcommunity.pojo.RoomExample" resultType="java.lang.Integer">
    <!--
      WARNING - @mbggenerated
      This element is automatically generated by MyBatis Generator, do not modify.
      This element was generated on Tue Jan 20 16:35:08 CST 2015.
    -->
    select count(*) from room
    <if test="_parameter != null">
      <include refid="Example_Where_Clause" />
    </if>
  </select>
  <update id="updateByExampleSelective" parameterType="map">
    <!--
      WARNING - @mbggenerated
      This element is automatically generated by MyBatis Generator, do not modify.
      This element was generated on Tue Jan 20 16:35:08 CST 2015.
    -->
    update room
    <set>
      <if test="record.id != null">
        id = #{record.id,jdbcType=INTEGER},
      </if>
      <if test="record.buildingnumber != null">
        buildingnumber = #{record.buildingnumber,jdbcType=VARCHAR},
      </if>
      <if test="record.number != null">
        number = #{record.number,jdbcType=VARCHAR},
      </if>
      <if test="record.user != null">
        user = #{record.user,jdbcType=INTEGER},
      </if>
      <if test="record.buildingarea != null">
        buildingarea = #{record.buildingarea,jdbcType=REAL},
      </if>
      <if test="record.innerarea != null">
        innerarea = #{record.innerarea,jdbcType=REAL},
      </if>
      <if test="record.publicarea != null">
        publicarea = #{record.publicarea,jdbcType=REAL},
      </if>
      <if test="record.state != null">
        state = #{record.state,jdbcType=VARCHAR},
      </if>
      <if test="record.type != null">
        type = #{record.type,jdbcType=VARCHAR},
      </if>
      <if test="record.floor != null">
        floor = #{record.floor,jdbcType=INTEGER},
      </if>
      <if test="record.targetgroup != null">
        targetgroup = #{record.targetgroup,jdbcType=VARCHAR},
      </if>
      <if test="record.startcharge != null">
        startcharge = #{record.startcharge,jdbcType=DATE},
      </if>
    </set>
    <if test="_parameter != null">
      <include refid="Update_By_Example_Where_Clause" />
    </if>
  </update>
  <update id="updateByExample" parameterType="map">
    <!--
      WARNING - @mbggenerated
      This element is automatically generated by MyBatis Generator, do not modify.
      This element was generated on Tue Jan 20 16:35:08 CST 2015.
    -->
    update room
    set id = #{record.id,jdbcType=INTEGER},
      buildingnumber = #{record.buildingnumber,jdbcType=VARCHAR},
      number = #{record.number,jdbcType=VARCHAR},
      user = #{record.user,jdbcType=INTEGER},
      buildingarea = #{record.buildingarea,jdbcType=REAL},
      innerarea = #{record.innerarea,jdbcType=REAL},
      publicarea = #{record.publicarea,jdbcType=REAL},
      state = #{record.state,jdbcType=VARCHAR},
      type = #{record.type,jdbcType=VARCHAR},
      floor = #{record.floor,jdbcType=INTEGER},
      targetgroup = #{record.targetgroup,jdbcType=VARCHAR},
      startcharge = #{record.startcharge,jdbcType=DATE}
    <if test="_parameter != null">
      <include refid="Update_By_Example_Where_Clause" />
    </if>
  </update>
  <update id="updateByPrimaryKeySelective" parameterType="com.smartcommunity.pojo.Room">
    <!--
      WARNING - @mbggenerated
      This element is automatically generated by MyBatis Generator, do not modify.
      This element was generated on Tue Jan 20 16:35:08 CST 2015.
    -->
    update room
    <set>
      <if test="buildingnumber != null">
        buildingnumber = #{buildingnumber,jdbcType=VARCHAR},
      </if>
      <if test="number != null">
        number = #{number,jdbcType=VARCHAR},
      </if>
      <if test="user != null">
        user = #{user,jdbcType=INTEGER},
      </if>
      <if test="buildingarea != null">
        buildingarea = #{buildingarea,jdbcType=REAL},
      </if>
      <if test="innerarea != null">
        innerarea = #{innerarea,jdbcType=REAL},
      </if>
      <if test="publicarea != null">
        publicarea = #{publicarea,jdbcType=REAL},
      </if>
      <if test="state != null">
        state = #{state,jdbcType=VARCHAR},
      </if>
      <if test="type != null">
        type = #{type,jdbcType=VARCHAR},
      </if>
      <if test="floor != null">
        floor = #{floor,jdbcType=INTEGER},
      </if>
      <if test="targetgroup != null">
        targetgroup = #{targetgroup,jdbcType=VARCHAR},
      </if>
      <if test="startcharge != null">
        startcharge = #{startcharge,jdbcType=DATE},
      </if>
    </set>
    where id = #{id,jdbcType=INTEGER}
  </update>
  <update id="updateByPrimaryKey" parameterType="com.smartcommunity.pojo.Room">
    <!--
      WARNING - @mbggenerated
      This element is automatically generated by MyBatis Generator, do not modify.
      This element was generated on Tue Jan 20 16:35:08 CST 2015.
    -->
    update room
    set buildingnumber = #{buildingnumber,jdbcType=VARCHAR},
      number = #{number,jdbcType=VARCHAR},
      user = #{user,jdbcType=INTEGER},
      buildingarea = #{buildingarea,jdbcType=REAL},
      innerarea = #{innerarea,jdbcType=REAL},
      publicarea = #{publicarea,jdbcType=REAL},
      state = #{state,jdbcType=VARCHAR},
      type = #{type,jdbcType=VARCHAR},
      floor = #{floor,jdbcType=INTEGER},
      targetgroup = #{targetgroup,jdbcType=VARCHAR},
      startcharge = #{startcharge,jdbcType=DATE}
    where id = #{id,jdbcType=INTEGER}
  </update>
  <!-- add_y -->
    <select id="selectRoomNumberByExample" parameterType="com.smartcommunity.pojo.RoomExample" resultType="String">
    <!--
      WARNING - @mbggenerated
      This element is automatically generated by MyBatis Generator, do not modify.
      This element was generated on Tue Jan 20 16:35:08 CST 2015.
    -->
    select
    <if test="distinct">
      distinct
    </if>
	number
    from room
    <if test="_parameter != null">
      <include refid="Example_Where_Clause" />
    </if>
    <if test="orderByClause != null">
      order by ${orderByClause}
    </if>
  </select>
  <!-- addend_y -->
</mapper>