<?xml version="1.0" encoding="UTF-8"?>
<!DOCTYPE mapper PUBLIC "-//mybatis.org//DTD Mapper 3.0//EN" "http://mybatis.org/dtd/mybatis-3-mapper.dtd">
<mapper namespace="com.smartcommunity.mapper.RoomownerMapper">
  <resultMap id="BaseResultMap" type="com.smartcommunity.pojo.Roomowner">
    <!--
      WARNING - @mbggenerated
      This element is automatically generated by MyBatis Generator, do not modify.
      This element was generated on Thu Jan 22 10:59:42 CST 2015.
    -->
    <id column="id" jdbcType="INTEGER" property="id" />
    <result column="tenantnumber" jdbcType="VARCHAR" property="tenantnumber" />
    <result column="roomnumber" jdbcType="VARCHAR" property="roomnumber" />
    <result column="type" jdbcType="INTEGER" property="type" />
    <result column="name" jdbcType="VARCHAR" property="name" />
    <result column="sex" jdbcType="CHAR" property="sex" />
    <result column="identity" jdbcType="CHAR" property="identity" />
    <result column="nativeplace" jdbcType="VARCHAR" property="nativeplace" />
    <result column="registeredresidence" jdbcType="VARCHAR" property="registeredresidence" />
    <result column="nation" jdbcType="VARCHAR" property="nation" />
    <result column="politicalaffiliation" jdbcType="VARCHAR" property="politicalaffiliation" />
    <result column="educationlevel" jdbcType="VARCHAR" property="educationlevel" />
    <result column="company" jdbcType="VARCHAR" property="company" />
    <result column="maritalstatus" jdbcType="VARCHAR" property="maritalstatus" />
    <result column="hobbies" jdbcType="VARCHAR" property="hobbies" />
    <result column="telephone" jdbcType="VARCHAR" property="telephone" />
    <result column="qq" jdbcType="VARCHAR" property="qq" />
    <result column="mail" jdbcType="VARCHAR" property="mail" />
    <result column="immigratedate" jdbcType="DATE" property="immigratedate" />
    <result column="quitdate" jdbcType="DATE" property="quitdate" />
    <result column="propertyowner" jdbcType="VARCHAR" property="propertyowner" />
    <result column="propertyowneridentity" jdbcType="VARCHAR" property="propertyowneridentity" />
    <result column="userpassid" jdbcType="INTEGER" property="userpassid" />
  </resultMap>
  <sql id="Example_Where_Clause">
    <!--
      WARNING - @mbggenerated
      This element is automatically generated by MyBatis Generator, do not modify.
      This element was generated on Thu Jan 22 10:59:42 CST 2015.
    -->
    <where>
      <foreach collection="oredCriteria" item="criteria" separator="or">
        <if test="criteria.valid">
          <trim prefix="(" prefixOverrides="and" suffix=")">
            <foreach collection="criteria.criteria" item="criterion">
              <choose>
                <when test="criterion.noValue">
                  and ${criterion.condition}
                </when>
                <when test="criterion.singleValue">
                  and ${criterion.condition} #{criterion.value}
                </when>
                <when test="criterion.betweenValue">
                  and ${criterion.condition} #{criterion.value} and #{criterion.secondValue}
                </when>
                <when test="criterion.listValue">
                  and ${criterion.condition}
                  <foreach close=")" collection="criterion.value" item="listItem" open="(" separator=",">
                    #{listItem}
                  </foreach>
                </when>
              </choose>
            </foreach>
          </trim>
        </if>
      </foreach>
    </where>
  </sql>
  <sql id="Update_By_Example_Where_Clause">
    <!--
      WARNING - @mbggenerated
      This element is automatically generated by MyBatis Generator, do not modify.
      This element was generated on Thu Jan 22 10:59:42 CST 2015.
    -->
    <where>
      <foreach collection="example.oredCriteria" item="criteria" separator="or">
        <if test="criteria.valid">
          <trim prefix="(" prefixOverrides="and" suffix=")">
            <foreach collection="criteria.criteria" item="criterion">
              <choose>
                <when test="criterion.noValue">
                  and ${criterion.condition}
                </when>
                <when test="criterion.singleValue">
                  and ${criterion.condition} #{criterion.value}
                </when>
                <when test="criterion.betweenValue">
                  and ${criterion.condition} #{criterion.value} and #{criterion.secondValue}
                </when>
                <when test="criterion.listValue">
                  and ${criterion.condition}
                  <foreach close=")" collection="criterion.value" item="listItem" open="(" separator=",">
                    #{listItem}
                  </foreach>
                </when>
              </choose>
            </foreach>
          </trim>
        </if>
      </foreach>
    </where>
  </sql>
  <sql id="Base_Column_List">
    <!--
      WARNING - @mbggenerated
      This element is automatically generated by MyBatis Generator, do not modify.
      This element was generated on Thu Jan 22 10:59:42 CST 2015.
    -->
    id, tenantnumber, roomnumber, type, name, sex, identity, nativeplace, registeredresidence, 
    nation, politicalaffiliation, educationlevel, company, maritalstatus, hobbies, telephone, 
    qq, mail, immigratedate, quitdate, propertyowner, propertyowneridentity, userpassid
  </sql>
  <select id="selectByExample" parameterType="com.smartcommunity.pojo.RoomownerExample" resultMap="BaseResultMap">
    <!--
      WARNING - @mbggenerated
      This element is automatically generated by MyBatis Generator, do not modify.
      This element was generated on Thu Jan 22 10:59:42 CST 2015.
    -->
    select
    <if test="distinct">
      distinct
    </if>
    <include refid="Base_Column_List" />
    from roomowner
    <if test="_parameter != null">
      <include refid="Example_Where_Clause" />
    </if>
    <if test="orderByClause != null">
      order by ${orderByClause}
    </if>
  </select>
  <select id="selectByPrimaryKey" parameterType="java.lang.Integer" resultMap="BaseResultMap">
    <!--
      WARNING - @mbggenerated
      This element is automatically generated by MyBatis Generator, do not modify.
      This element was generated on Thu Jan 22 10:59:42 CST 2015.
    -->
    select 
    <include refid="Base_Column_List" />
    from roomowner
    where id = #{id,jdbcType=INTEGER}
  </select>
  <delete id="deleteByPrimaryKey" parameterType="java.lang.Integer">
    <!--
      WARNING - @mbggenerated
      This element is automatically generated by MyBatis Generator, do not modify.
      This element was generated on Thu Jan 22 10:59:42 CST 2015.
    -->
    delete from roomowner
    where id = #{id,jdbcType=INTEGER}
  </delete>
  <delete id="deleteByExample" parameterType="com.smartcommunity.pojo.RoomownerExample">
    <!--
      WARNING - @mbggenerated
      This element is automatically generated by MyBatis Generator, do not modify.
      This element was generated on Thu Jan 22 10:59:42 CST 2015.
    -->
    delete from roomowner
    <if test="_parameter != null">
      <include refid="Example_Where_Clause" />
    </if>
  </delete>
  <insert id="insert" parameterType="com.smartcommunity.pojo.Roomowner">
    <!--
      WARNING - @mbggenerated
      This element is automatically generated by MyBatis Generator, do not modify.
      This element was generated on Thu Jan 22 10:59:42 CST 2015.
    -->
    insert into roomowner (id, tenantnumber, roomnumber, 
      type, name, sex, identity, 
      nativeplace, registeredresidence, nation, 
      politicalaffiliation, educationlevel, company, 
      maritalstatus, hobbies, telephone, 
      qq, mail, immigratedate, 
      quitdate, propertyowner, propertyowneridentity, 
      userpassid)
    values (#{id,jdbcType=INTEGER}, #{tenantnumber,jdbcType=VARCHAR}, #{roomnumber,jdbcType=VARCHAR}, 
      #{type,jdbcType=INTEGER}, #{name,jdbcType=VARCHAR}, #{sex,jdbcType=CHAR}, #{identity,jdbcType=CHAR}, 
      #{nativeplace,jdbcType=VARCHAR}, #{registeredresidence,jdbcType=VARCHAR}, #{nation,jdbcType=VARCHAR}, 
      #{politicalaffiliation,jdbcType=VARCHAR}, #{educationlevel,jdbcType=VARCHAR}, #{company,jdbcType=VARCHAR}, 
      #{maritalstatus,jdbcType=VARCHAR}, #{hobbies,jdbcType=VARCHAR}, #{telephone,jdbcType=VARCHAR}, 
      #{qq,jdbcType=VARCHAR}, #{mail,jdbcType=VARCHAR}, #{immigratedate,jdbcType=DATE}, 
      #{quitdate,jdbcType=DATE}, #{propertyowner,jdbcType=VARCHAR}, #{propertyowneridentity,jdbcType=VARCHAR}, 
      #{userpassid,jdbcType=INTEGER})
  </insert>
  <insert id="insertSelective" parameterType="com.smartcommunity.pojo.Roomowner">
    <!--
      WARNING - @mbggenerated
      This element is automatically generated by MyBatis Generator, do not modify.
      This element was generated on Thu Jan 22 10:59:42 CST 2015.
    -->
    insert into roomowner
    <trim prefix="(" suffix=")" suffixOverrides=",">
      <if test="id != null">
        id,
      </if>
      <if test="tenantnumber != null">
        tenantnumber,
      </if>
      <if test="roomnumber != null">
        roomnumber,
      </if>
      <if test="type != null">
        type,
      </if>
      <if test="name != null">
        name,
      </if>
      <if test="sex != null">
        sex,
      </if>
      <if test="identity != null">
        identity,
      </if>
      <if test="nativeplace != null">
        nativeplace,
      </if>
      <if test="registeredresidence != null">
        registeredresidence,
      </if>
      <if test="nation != null">
        nation,
      </if>
      <if test="politicalaffiliation != null">
        politicalaffiliation,
      </if>
      <if test="educationlevel != null">
        educationlevel,
      </if>
      <if test="company != null">
        company,
      </if>
      <if test="maritalstatus != null">
        maritalstatus,
      </if>
      <if test="hobbies != null">
        hobbies,
      </if>
      <if test="telephone != null">
        telephone,
      </if>
      <if test="qq != null">
        qq,
      </if>
      <if test="mail != null">
        mail,
      </if>
      <if test="immigratedate != null">
        immigratedate,
      </if>
      <if test="quitdate != null">
        quitdate,
      </if>
      <if test="propertyowner != null">
        propertyowner,
      </if>
      <if test="propertyowneridentity != null">
        propertyowneridentity,
      </if>
      <if test="userpassid != null">
        userpassid,
      </if>
    </trim>
    <trim prefix="values (" suffix=")" suffixOverrides=",">
      <if test="id != null">
        #{id,jdbcType=INTEGER},
      </if>
      <if test="tenantnumber != null">
        #{tenantnumber,jdbcType=VARCHAR},
      </if>
      <if test="roomnumber != null">
        #{roomnumber,jdbcType=VARCHAR},
      </if>
      <if test="type != null">
        #{type,jdbcType=INTEGER},
      </if>
      <if test="name != null">
        #{name,jdbcType=VARCHAR},
      </if>
      <if test="sex != null">
        #{sex,jdbcType=CHAR},
      </if>
      <if test="identity != null">
        #{identity,jdbcType=CHAR},
      </if>
      <if test="nativeplace != null">
        #{nativeplace,jdbcType=VARCHAR},
      </if>
      <if test="registeredresidence != null">
        #{registeredresidence,jdbcType=VARCHAR},
      </if>
      <if test="nation != null">
        #{nation,jdbcType=VARCHAR},
      </if>
      <if test="politicalaffiliation != null">
        #{politicalaffiliation,jdbcType=VARCHAR},
      </if>
      <if test="educationlevel != null">
        #{educationlevel,jdbcType=VARCHAR},
      </if>
      <if test="company != null">
        #{company,jdbcType=VARCHAR},
      </if>
      <if test="maritalstatus != null">
        #{maritalstatus,jdbcType=VARCHAR},
      </if>
      <if test="hobbies != null">
        #{hobbies,jdbcType=VARCHAR},
      </if>
      <if test="telephone != null">
        #{telephone,jdbcType=VARCHAR},
      </if>
      <if test="qq != null">
        #{qq,jdbcType=VARCHAR},
      </if>
      <if test="mail != null">
        #{mail,jdbcType=VARCHAR},
      </if>
      <if test="immigratedate != null">
        #{immigratedate,jdbcType=DATE},
      </if>
      <if test="quitdate != null">
        #{quitdate,jdbcType=DATE},
      </if>
      <if test="propertyowner != null">
        #{propertyowner,jdbcType=VARCHAR},
      </if>
      <if test="propertyowneridentity != null">
        #{propertyowneridentity,jdbcType=VARCHAR},
      </if>
      <if test="userpassid != null">
        #{userpassid,jdbcType=INTEGER},
      </if>
    </trim>
  </insert>
  <select id="countByExample" parameterType="com.smartcommunity.pojo.RoomownerExample" resultType="java.lang.Integer">
    <!--
      WARNING - @mbggenerated
      This element is automatically generated by MyBatis Generator, do not modify.
      This element was generated on Thu Jan 22 10:59:42 CST 2015.
    -->
    select count(*) from roomowner
    <if test="_parameter != null">
      <include refid="Example_Where_Clause" />
    </if>
  </select>
  <update id="updateByExampleSelective" parameterType="map">
    <!--
      WARNING - @mbggenerated
      This element is automatically generated by MyBatis Generator, do not modify.
      This element was generated on Thu Jan 22 10:59:42 CST 2015.
    -->
    update roomowner
    <set>
      <if test="record.id != null">
        id = #{record.id,jdbcType=INTEGER},
      </if>
      <if test="record.tenantnumber != null">
        tenantnumber = #{record.tenantnumber,jdbcType=VARCHAR},
      </if>
      <if test="record.roomnumber != null">
        roomnumber = #{record.roomnumber,jdbcType=VARCHAR},
      </if>
      <if test="record.type != null">
        type = #{record.type,jdbcType=INTEGER},
      </if>
      <if test="record.name != null">
        name = #{record.name,jdbcType=VARCHAR},
      </if>
      <if test="record.sex != null">
        sex = #{record.sex,jdbcType=CHAR},
      </if>
      <if test="record.identity != null">
        identity = #{record.identity,jdbcType=CHAR},
      </if>
      <if test="record.nativeplace != null">
        nativeplace = #{record.nativeplace,jdbcType=VARCHAR},
      </if>
      <if test="record.registeredresidence != null">
        registeredresidence = #{record.registeredresidence,jdbcType=VARCHAR},
      </if>
      <if test="record.nation != null">
        nation = #{record.nation,jdbcType=VARCHAR},
      </if>
      <if test="record.politicalaffiliation != null">
        politicalaffiliation = #{record.politicalaffiliation,jdbcType=VARCHAR},
      </if>
      <if test="record.educationlevel != null">
        educationlevel = #{record.educationlevel,jdbcType=VARCHAR},
      </if>
      <if test="record.company != null">
        company = #{record.company,jdbcType=VARCHAR},
      </if>
      <if test="record.maritalstatus != null">
        maritalstatus = #{record.maritalstatus,jdbcType=VARCHAR},
      </if>
      <if test="record.hobbies != null">
        hobbies = #{record.hobbies,jdbcType=VARCHAR},
      </if>
      <if test="record.telephone != null">
        telephone = #{record.telephone,jdbcType=VARCHAR},
      </if>
      <if test="record.qq != null">
        qq = #{record.qq,jdbcType=VARCHAR},
      </if>
      <if test="record.mail != null">
        mail = #{record.mail,jdbcType=VARCHAR},
      </if>
      <if test="record.immigratedate != null">
        immigratedate = #{record.immigratedate,jdbcType=DATE},
      </if>
      <if test="record.quitdate != null">
        quitdate = #{record.quitdate,jdbcType=DATE},
      </if>
      <if test="record.propertyowner != null">
        propertyowner = #{record.propertyowner,jdbcType=VARCHAR},
      </if>
      <if test="record.propertyowneridentity != null">
        propertyowneridentity = #{record.propertyowneridentity,jdbcType=VARCHAR},
      </if>
      <if test="record.userpassid != null">
        userpassid = #{record.userpassid,jdbcType=INTEGER},
      </if>
    </set>
    <if test="_parameter != null">
      <include refid="Update_By_Example_Where_Clause" />
    </if>
  </update>
  <update id="updateByExample" parameterType="map">
    <!--
      WARNING - @mbggenerated
      This element is automatically generated by MyBatis Generator, do not modify.
      This element was generated on Thu Jan 22 10:59:42 CST 2015.
    -->
    update roomowner
    set id = #{record.id,jdbcType=INTEGER},
      tenantnumber = #{record.tenantnumber,jdbcType=VARCHAR},
      roomnumber = #{record.roomnumber,jdbcType=VARCHAR},
      type = #{record.type,jdbcType=INTEGER},
      name = #{record.name,jdbcType=VARCHAR},
      sex = #{record.sex,jdbcType=CHAR},
      identity = #{record.identity,jdbcType=CHAR},
      nativeplace = #{record.nativeplace,jdbcType=VARCHAR},
      registeredresidence = #{record.registeredresidence,jdbcType=VARCHAR},
      nation = #{record.nation,jdbcType=VARCHAR},
      politicalaffiliation = #{record.politicalaffiliation,jdbcType=VARCHAR},
      educationlevel = #{record.educationlevel,jdbcType=VARCHAR},
      company = #{record.company,jdbcType=VARCHAR},
      maritalstatus = #{record.maritalstatus,jdbcType=VARCHAR},
      hobbies = #{record.hobbies,jdbcType=VARCHAR},
      telephone = #{record.telephone,jdbcType=VARCHAR},
      qq = #{record.qq,jdbcType=VARCHAR},
      mail = #{record.mail,jdbcType=VARCHAR},
      immigratedate = #{record.immigratedate,jdbcType=DATE},
      quitdate = #{record.quitdate,jdbcType=DATE},
      propertyowner = #{record.propertyowner,jdbcType=VARCHAR},
      propertyowneridentity = #{record.propertyowneridentity,jdbcType=VARCHAR},
      userpassid = #{record.userpassid,jdbcType=INTEGER}
    <if test="_parameter != null">
      <include refid="Update_By_Example_Where_Clause" />
    </if>
  </update>
  <update id="updateByPrimaryKeySelective" parameterType="com.smartcommunity.pojo.Roomowner">
    <!--
      WARNING - @mbggenerated
      This element is automatically generated by MyBatis Generator, do not modify.
      This element was generated on Thu Jan 22 10:59:42 CST 2015.
    -->
    update roomowner
    <set>
      <if test="tenantnumber != null">
        tenantnumber = #{tenantnumber,jdbcType=VARCHAR},
      </if>
      <if test="roomnumber != null">
        roomnumber = #{roomnumber,jdbcType=VARCHAR},
      </if>
      <if test="type != null">
        type = #{type,jdbcType=INTEGER},
      </if>
      <if test="name != null">
        name = #{name,jdbcType=VARCHAR},
      </if>
      <if test="sex != null">
        sex = #{sex,jdbcType=CHAR},
      </if>
      <if test="identity != null">
        identity = #{identity,jdbcType=CHAR},
      </if>
      <if test="nativeplace != null">
        nativeplace = #{nativeplace,jdbcType=VARCHAR},
      </if>
      <if test="registeredresidence != null">
        registeredresidence = #{registeredresidence,jdbcType=VARCHAR},
      </if>
      <if test="nation != null">
        nation = #{nation,jdbcType=VARCHAR},
      </if>
      <if test="politicalaffiliation != null">
        politicalaffiliation = #{politicalaffiliation,jdbcType=VARCHAR},
      </if>
      <if test="educationlevel != null">
        educationlevel = #{educationlevel,jdbcType=VARCHAR},
      </if>
      <if test="company != null">
        company = #{company,jdbcType=VARCHAR},
      </if>
      <if test="maritalstatus != null">
        maritalstatus = #{maritalstatus,jdbcType=VARCHAR},
      </if>
      <if test="hobbies != null">
        hobbies = #{hobbies,jdbcType=VARCHAR},
      </if>
      <if test="telephone != null">
        telephone = #{telephone,jdbcType=VARCHAR},
      </if>
      <if test="qq != null">
        qq = #{qq,jdbcType=VARCHAR},
      </if>
      <if test="mail != null">
        mail = #{mail,jdbcType=VARCHAR},
      </if>
      <if test="immigratedate != null">
        immigratedate = #{immigratedate,jdbcType=DATE},
      </if>
      <if test="quitdate != null">
        quitdate = #{quitdate,jdbcType=DATE},
      </if>
      <if test="propertyowner != null">
        propertyowner = #{propertyowner,jdbcType=VARCHAR},
      </if>
      <if test="propertyowneridentity != null">
        propertyowneridentity = #{propertyowneridentity,jdbcType=VARCHAR},
      </if>
      <if test="userpassid != null">
        userpassid = #{userpassid,jdbcType=INTEGER},
      </if>
    </set>
    where id = #{id,jdbcType=INTEGER}
  </update>
  <update id="updateByPrimaryKey" parameterType="com.smartcommunity.pojo.Roomowner">
    <!--
      WARNING - @mbggenerated
      This element is automatically generated by MyBatis Generator, do not modify.
      This element was generated on Thu Jan 22 10:59:42 CST 2015.
    -->
    update roomowner
    set tenantnumber = #{tenantnumber,jdbcType=VARCHAR},
      roomnumber = #{roomnumber,jdbcType=VARCHAR},
      type = #{type,jdbcType=INTEGER},
      name = #{name,jdbcType=VARCHAR},
      sex = #{sex,jdbcType=CHAR},
      identity = #{identity,jdbcType=CHAR},
      nativeplace = #{nativeplace,jdbcType=VARCHAR},
      registeredresidence = #{registeredresidence,jdbcType=VARCHAR},
      nation = #{nation,jdbcType=VARCHAR},
      politicalaffiliation = #{politicalaffiliation,jdbcType=VARCHAR},
      educationlevel = #{educationlevel,jdbcType=VARCHAR},
      company = #{company,jdbcType=VARCHAR},
      maritalstatus = #{maritalstatus,jdbcType=VARCHAR},
      hobbies = #{hobbies,jdbcType=VARCHAR},
      telephone = #{telephone,jdbcType=VARCHAR},
      qq = #{qq,jdbcType=VARCHAR},
      mail = #{mail,jdbcType=VARCHAR},
      immigratedate = #{immigratedate,jdbcType=DATE},
      quitdate = #{quitdate,jdbcType=DATE},
      propertyowner = #{propertyowner,jdbcType=VARCHAR},
      propertyowneridentity = #{propertyowneridentity,jdbcType=VARCHAR},
      userpassid = #{userpassid,jdbcType=INTEGER}
    where id = #{id,jdbcType=INTEGER}
  </update>
  <!-- add_y -->
    <select id="selectRoomnumberByExample" parameterType="com.smartcommunity.pojo.RoomownerExample" resultMap="BaseResultMap">
    <!--
      WARNING - @mbggenerated
      This element is automatically generated by MyBatis Generator, do not modify.
      This element was generated on Thu Jan 22 10:59:42 CST 2015.
    -->
    select
    <if test="distinct">
      distinct
    </if>
	roomnumber
    from roomowner
    <if test="_parameter != null">
      <include refid="Example_Where_Clause" />
    </if>
    <if test="orderByClause != null">
      order by ${orderByClause}
    </if>
  </select>
  <!-- addend_y -->
</mapper>