<?xml version="1.0" encoding="UTF-8"?>
<!DOCTYPE mapper PUBLIC "-//mybatis.org//DTD Mapper 3.0//EN" "http://mybatis.org/dtd/mybatis-3-mapper.dtd">
<mapper namespace="com.smartcommunity.mapper.TongYongMapper">
  <resultMap id="BaseResultMap" type="com.smartcommunity.pojo.Meter">
    <!--
      WARNING - @mbggenerated
      This element is automatically generated by MyBatis Generator, do not modify.
      This element was generated on Sat Jan 24 16:00:04 CST 2015.
    -->
    <id column="id" jdbcType="INTEGER" property="id" />
    <result column="roomnumber" jdbcType="VARCHAR" property="roomnumber" />
    <result column="metertype" jdbcType="INTEGER" property="metertype" />
    <result column="meternumber" jdbcType="VARCHAR" property="meternumber" />
    <result column="readman" jdbcType="VARCHAR" property="readman" />
    <result column="readdata" jdbcType="REAL" property="readdata" />
    <result column="consumedata" jdbcType="REAL" property="consumedata" />
    <result column="readingtime" jdbcType="DATE" property="readingtime" />
    <result column="uniteprice" jdbcType="REAL" property="uniteprice" />
    <result column="totalprice" jdbcType="REAL" property="totalprice" />
    <result column="version" jdbcType="INTEGER" property="version" />
    <result column="state" jdbcType="BIT" property="state" />
  </resultMap>
  <sql id="Example_Where_Clause">
    <!--
      WARNING - @mbggenerated
      This element is automatically generated by MyBatis Generator, do not modify.
      This element was generated on Sat Jan 24 16:00:04 CST 2015.
    -->
    <where>
      <foreach collection="oredCriteria" item="criteria" separator="or">
        <if test="criteria.valid">
          <trim prefix="(" prefixOverrides="and" suffix=")">
            <foreach collection="criteria.criteria" item="criterion">
              <choose>
                <when test="criterion.noValue">
                  and ${criterion.condition}
                </when>
                <when test="criterion.singleValue">
                  and ${criterion.condition} #{criterion.value}
                </when>
                <when test="criterion.betweenValue">
                  and ${criterion.condition} #{criterion.value} and #{criterion.secondValue}
                </when>
                <when test="criterion.listValue">
                  and ${criterion.condition}
                  <foreach close=")" collection="criterion.value" item="listItem" open="(" separator=",">
                    #{listItem}
                  </foreach>
                </when>
              </choose>
            </foreach>
          </trim>
        </if>
      </foreach>
    </where>
  </sql>
  <sql id="Update_By_Example_Where_Clause">
    <!--
      WARNING - @mbggenerated
      This element is automatically generated by MyBatis Generator, do not modify.
      This element was generated on Sat Jan 24 16:00:04 CST 2015.
    -->
    <where>
      <foreach collection="example.oredCriteria" item="criteria" separator="or">
        <if test="criteria.valid">
          <trim prefix="(" prefixOverrides="and" suffix=")">
            <foreach collection="criteria.criteria" item="criterion">
              <choose>
                <when test="criterion.noValue">
                  and ${criterion.condition}
                </when>
                <when test="criterion.singleValue">
                  and ${criterion.condition} #{criterion.value}
                </when>
                <when test="criterion.betweenValue">
                  and ${criterion.condition} #{criterion.value} and #{criterion.secondValue}
                </when>
                <when test="criterion.listValue">
                  and ${criterion.condition}
                  <foreach close=")" collection="criterion.value" item="listItem" open="(" separator=",">
                    #{listItem}
                  </foreach>
                </when>
              </choose>
            </foreach>
          </trim>
        </if>
      </foreach>
    </where>
  </sql>
  <sql id="Base_Column_List">
    <!--
      WARNING - @mbggenerated
      This element is automatically generated by MyBatis Generator, do not modify.
      This element was generated on Sat Jan 24 16:00:04 CST 2015.
    -->
    id, roomnumber, metertype, meternumber, readman, readdata, consumedata, readingtime, 
    uniteprice, totalprice, version, state
  </sql>
  <select id="selectByExample" parameterType="com.smartcommunity.pojo.MeterExample" resultMap="BaseResultMap">
    <!--
      WARNING - @mbggenerated
      This element is automatically generated by MyBatis Generator, do not modify.
      This element was generated on Sat Jan 24 16:00:04 CST 2015.
    -->
    select
    <if test="distinct">
      distinct
    </if>
    <include refid="Base_Column_List" />
    from meter
    <if test="_parameter != null">
      <include refid="Example_Where_Clause" />
    </if>
    <if test="orderByClause != null">
      order by ${orderByClause}
    </if>
  </select>
  <select id="selectByPrimaryKey" parameterType="java.lang.Integer" resultMap="BaseResultMap">
    <!--
      WARNING - @mbggenerated
      This element is automatically generated by MyBatis Generator, do not modify.
      This element was generated on Sat Jan 24 16:00:04 CST 2015.
    -->
    select 
    <include refid="Base_Column_List" />
    from meter
    where id = #{id,jdbcType=INTEGER}
  </select>
  <delete id="deleteByPrimaryKey" parameterType="java.lang.Integer">
    <!--
      WARNING - @mbggenerated
      This element is automatically generated by MyBatis Generator, do not modify.
      This element was generated on Sat Jan 24 16:00:04 CST 2015.
    -->
    delete from meter
    where id = #{id,jdbcType=INTEGER}
  </delete>
  <delete id="deleteByExample" parameterType="com.smartcommunity.pojo.MeterExample">
    <!--
      WARNING - @mbggenerated
      This element is automatically generated by MyBatis Generator, do not modify.
      This element was generated on Sat Jan 24 16:00:04 CST 2015.
    -->
    delete from meter
    <if test="_parameter != null">
      <include refid="Example_Where_Clause" />
    </if>
  </delete>
  <insert id="insert" parameterType="com.smartcommunity.pojo.Meter">
    <!--
      WARNING - @mbggenerated
      This element is automatically generated by MyBatis Generator, do not modify.
      This element was generated on Sat Jan 24 16:00:04 CST 2015.
    -->
    insert into meter (id, roomnumber, metertype, 
      meternumber, readman, readdata, 
      consumedata, readingtime, uniteprice, 
      totalprice, version, state
      )
    values (#{id,jdbcType=INTEGER}, #{roomnumber,jdbcType=VARCHAR}, #{metertype,jdbcType=INTEGER}, 
      #{meternumber,jdbcType=VARCHAR}, #{readman,jdbcType=VARCHAR}, #{readdata,jdbcType=REAL}, 
      #{consumedata,jdbcType=REAL}, #{readingtime,jdbcType=DATE}, #{uniteprice,jdbcType=REAL}, 
      #{totalprice,jdbcType=REAL}, #{version,jdbcType=INTEGER}, #{state,jdbcType=BIT}
      )
  </insert>
  <insert id="insertSelective" parameterType="com.smartcommunity.pojo.Meter">
    <!--
      WARNING - @mbggenerated
      This element is automatically generated by MyBatis Generator, do not modify.
      This element was generated on Sat Jan 24 16:00:04 CST 2015.
    -->
    insert into meter
    <trim prefix="(" suffix=")" suffixOverrides=",">
      <if test="id != null">
        id,
      </if>
      <if test="roomnumber != null">
        roomnumber,
      </if>
      <if test="metertype != null">
        metertype,
      </if>
      <if test="meternumber != null">
        meternumber,
      </if>
      <if test="readman != null">
        readman,
      </if>
      <if test="readdata != null">
        readdata,
      </if>
      <if test="consumedata != null">
        consumedata,
      </if>
      <if test="readingtime != null">
        readingtime,
      </if>
      <if test="uniteprice != null">
        uniteprice,
      </if>
      <if test="totalprice != null">
        totalprice,
      </if>
      <if test="version != null">
        version,
      </if>
      <if test="state != null">
        state,
      </if>
    </trim>
    <trim prefix="values (" suffix=")" suffixOverrides=",">
      <if test="id != null">
        #{id,jdbcType=INTEGER},
      </if>
      <if test="roomnumber != null">
        #{roomnumber,jdbcType=VARCHAR},
      </if>
      <if test="metertype != null">
        #{metertype,jdbcType=INTEGER},
      </if>
      <if test="meternumber != null">
        #{meternumber,jdbcType=VARCHAR},
      </if>
      <if test="readman != null">
        #{readman,jdbcType=VARCHAR},
      </if>
      <if test="readdata != null">
        #{readdata,jdbcType=REAL},
      </if>
      <if test="consumedata != null">
        #{consumedata,jdbcType=REAL},
      </if>
      <if test="readingtime != null">
        #{readingtime,jdbcType=DATE},
      </if>
      <if test="uniteprice != null">
        #{uniteprice,jdbcType=REAL},
      </if>
      <if test="totalprice != null">
        #{totalprice,jdbcType=REAL},
      </if>
      <if test="version != null">
        #{version,jdbcType=INTEGER},
      </if>
      <if test="state != null">
        #{state,jdbcType=BIT},
      </if>
    </trim>
  </insert>
  <select id="countByExample" parameterType="com.smartcommunity.pojo.MeterExample" resultType="java.lang.Integer">
    <!--
      WARNING - @mbggenerated
      This element is automatically generated by MyBatis Generator, do not modify.
      This element was generated on Sat Jan 24 16:00:04 CST 2015.
    -->
    select count(*) from meter
    <if test="_parameter != null">
      <include refid="Example_Where_Clause" />
    </if>
  </select>
  <update id="updateByExampleSelective" parameterType="map">
    <!--
      WARNING - @mbggenerated
      This element is automatically generated by MyBatis Generator, do not modify.
      This element was generated on Sat Jan 24 16:00:04 CST 2015.
    -->
    update meter
    <set>
      <if test="record.id != null">
        id = #{record.id,jdbcType=INTEGER},
      </if>
      <if test="record.roomnumber != null">
        roomnumber = #{record.roomnumber,jdbcType=VARCHAR},
      </if>
      <if test="record.metertype != null">
        metertype = #{record.metertype,jdbcType=INTEGER},
      </if>
      <if test="record.meternumber != null">
        meternumber = #{record.meternumber,jdbcType=VARCHAR},
      </if>
      <if test="record.readman != null">
        readman = #{record.readman,jdbcType=VARCHAR},
      </if>
      <if test="record.readdata != null">
        readdata = #{record.readdata,jdbcType=REAL},
      </if>
      <if test="record.consumedata != null">
        consumedata = #{record.consumedata,jdbcType=REAL},
      </if>
      <if test="record.readingtime != null">
        readingtime = #{record.readingtime,jdbcType=DATE},
      </if>
      <if test="record.uniteprice != null">
        uniteprice = #{record.uniteprice,jdbcType=REAL},
      </if>
      <if test="record.totalprice != null">
        totalprice = #{record.totalprice,jdbcType=REAL},
      </if>
      <if test="record.version != null">
        version = #{record.version,jdbcType=INTEGER},
      </if>
      <if test="record.state != null">
        state = #{record.state,jdbcType=BIT},
      </if>
    </set>
    <if test="_parameter != null">
      <include refid="Update_By_Example_Where_Clause" />
    </if>
  </update>
  <update id="updateByExample" parameterType="map">
    <!--
      WARNING - @mbggenerated
      This element is automatically generated by MyBatis Generator, do not modify.
      This element was generated on Sat Jan 24 16:00:04 CST 2015.
    -->
    update meter
    set id = #{record.id,jdbcType=INTEGER},
      roomnumber = #{record.roomnumber,jdbcType=VARCHAR},
      metertype = #{record.metertype,jdbcType=INTEGER},
      meternumber = #{record.meternumber,jdbcType=VARCHAR},
      readman = #{record.readman,jdbcType=VARCHAR},
      readdata = #{record.readdata,jdbcType=REAL},
      consumedata = #{record.consumedata,jdbcType=REAL},
      readingtime = #{record.readingtime,jdbcType=DATE},
      uniteprice = #{record.uniteprice,jdbcType=REAL},
      totalprice = #{record.totalprice,jdbcType=REAL},
      version = #{record.version,jdbcType=INTEGER},
      state = #{record.state,jdbcType=BIT}
    <if test="_parameter != null">
      <include refid="Update_By_Example_Where_Clause" />
    </if>
  </update>
  <update id="updateByPrimaryKeySelective" parameterType="com.smartcommunity.pojo.Meter">
    <!--
      WARNING - @mbggenerated
      This element is automatically generated by MyBatis Generator, do not modify.
      This element was generated on Sat Jan 24 16:00:04 CST 2015.
    -->
    update meter
    <set>
      <if test="roomnumber != null">
        roomnumber = #{roomnumber,jdbcType=VARCHAR},
      </if>
      <if test="metertype != null">
        metertype = #{metertype,jdbcType=INTEGER},
      </if>
      <if test="meternumber != null">
        meternumber = #{meternumber,jdbcType=VARCHAR},
      </if>
      <if test="readman != null">
        readman = #{readman,jdbcType=VARCHAR},
      </if>
      <if test="readdata != null">
        readdata = #{readdata,jdbcType=REAL},
      </if>
      <if test="consumedata != null">
        consumedata = #{consumedata,jdbcType=REAL},
      </if>
      <if test="readingtime != null">
        readingtime = #{readingtime,jdbcType=DATE},
      </if>
      <if test="uniteprice != null">
        uniteprice = #{uniteprice,jdbcType=REAL},
      </if>
      <if test="totalprice != null">
        totalprice = #{totalprice,jdbcType=REAL},
      </if>
      <if test="version != null">
        version = #{version,jdbcType=INTEGER},
      </if>
      <if test="state != null">
        state = #{state,jdbcType=BIT},
      </if>
    </set>
    where id = #{id,jdbcType=INTEGER}
  </update>
  <update id="updateByPrimaryKey" parameterType="com.smartcommunity.pojo.Meter">
    <!--
      WARNING - @mbggenerated
      This element is automatically generated by MyBatis Generator, do not modify.
      This element was generated on Sat Jan 24 16:00:04 CST 2015.
    -->
    update meter
    set roomnumber = #{roomnumber,jdbcType=VARCHAR},
      metertype = #{metertype,jdbcType=INTEGER},
      meternumber = #{meternumber,jdbcType=VARCHAR},
      readman = #{readman,jdbcType=VARCHAR},
      readdata = #{readdata,jdbcType=REAL},
      consumedata = #{consumedata,jdbcType=REAL},
      readingtime = #{readingtime,jdbcType=DATE},
      uniteprice = #{uniteprice,jdbcType=REAL},
      totalprice = #{totalprice,jdbcType=REAL},
      version = #{version,jdbcType=INTEGER},
      state = #{state,jdbcType=BIT}
    where id = #{id,jdbcType=INTEGER}
  </update>
</mapper>