<?xml version="1.0" encoding="UTF-8" ?>
<!DOCTYPE mapper PUBLIC "-//mybatis.org//DTD Mapper 3.0//EN" "http://mybatis.org/dtd/mybatis-3-mapper.dtd" >
<mapper namespace="com.smartcommunity.mapper.UserNoticeMapper" >
  <resultMap id="BaseResultMap" type="com.smartcommunity.pojo.UserNotice" >
    <!--
      WARNING - @mbggenerated
      This element is automatically generated by MyBatis Generator, do not modify.
      This element was generated on Sun Jan 25 19:11:11 CST 2015.
    -->
    <id column="id" property="id" jdbcType="INTEGER" />
    <result column="roomnumber" property="roomnumber" jdbcType="VARCHAR" />
    <result column="noticeid" property="noticeid" jdbcType="INTEGER" />
    <result column="isread" property="isread" jdbcType="BIT" />
  </resultMap>
  <sql id="Example_Where_Clause" >
    <!--
      WARNING - @mbggenerated
      This element is automatically generated by MyBatis Generator, do not modify.
      This element was generated on Sun Jan 25 19:11:11 CST 2015.
    -->
    <where >
      <foreach collection="oredCriteria" item="criteria" separator="or" >
        <if test="criteria.valid" >
          <trim prefix="(" suffix=")" prefixOverrides="and" >
            <foreach collection="criteria.criteria" item="criterion" >
              <choose >
                <when test="criterion.noValue" >
                  and ${criterion.condition}
                </when>
                <when test="criterion.singleValue" >
                  and ${criterion.condition} #{criterion.value}
                </when>
                <when test="criterion.betweenValue" >
                  and ${criterion.condition} #{criterion.value} and #{criterion.secondValue}
                </when>
                <when test="criterion.listValue" >
                  and ${criterion.condition}
                  <foreach collection="criterion.value" item="listItem" open="(" close=")" separator="," >
                    #{listItem}
                  </foreach>
                </when>
              </choose>
            </foreach>
          </trim>
        </if>
      </foreach>
    </where>
  </sql>
  <sql id="Update_By_Example_Where_Clause" >
    <!--
      WARNING - @mbggenerated
      This element is automatically generated by MyBatis Generator, do not modify.
      This element was generated on Sun Jan 25 19:11:11 CST 2015.
    -->
    <where >
      <foreach collection="example.oredCriteria" item="criteria" separator="or" >
        <if test="criteria.valid" >
          <trim prefix="(" suffix=")" prefixOverrides="and" >
            <foreach collection="criteria.criteria" item="criterion" >
              <choose >
                <when test="criterion.noValue" >
                  and ${criterion.condition}
                </when>
                <when test="criterion.singleValue" >
                  and ${criterion.condition} #{criterion.value}
                </when>
                <when test="criterion.betweenValue" >
                  and ${criterion.condition} #{criterion.value} and #{criterion.secondValue}
                </when>
                <when test="criterion.listValue" >
                  and ${criterion.condition}
                  <foreach collection="criterion.value" item="listItem" open="(" close=")" separator="," >
                    #{listItem}
                  </foreach>
                </when>
              </choose>
            </foreach>
          </trim>
        </if>
      </foreach>
    </where>
  </sql>
  <sql id="Base_Column_List" >
    <!--
      WARNING - @mbggenerated
      This element is automatically generated by MyBatis Generator, do not modify.
      This element was generated on Sun Jan 25 19:11:11 CST 2015.
    -->
    id, roomnumber, noticeid, isread
  </sql>
  <select id="selectByExample" resultMap="BaseResultMap" parameterType="com.smartcommunity.pojo.UserNoticeExample" >
    <!--
      WARNING - @mbggenerated
      This element is automatically generated by MyBatis Generator, do not modify.
      This element was generated on Sun Jan 25 19:11:11 CST 2015.
    -->
    select
    <if test="distinct" >
      distinct
    </if>
    <include refid="Base_Column_List" />
    from user_notice
    <if test="_parameter != null" >
      <include refid="Example_Where_Clause" />
    </if>
    <if test="orderByClause != null" >
      order by ${orderByClause}
    </if>
  </select>
  <select id="selectByPrimaryKey" resultMap="BaseResultMap" parameterType="java.lang.Integer" >
    <!--
      WARNING - @mbggenerated
      This element is automatically generated by MyBatis Generator, do not modify.
      This element was generated on Sun Jan 25 19:11:11 CST 2015.
    -->
    select 
    <include refid="Base_Column_List" />
    from user_notice
    where id = #{id,jdbcType=INTEGER}
  </select>
  <delete id="deleteByPrimaryKey" parameterType="java.lang.Integer" >
    <!--
      WARNING - @mbggenerated
      This element is automatically generated by MyBatis Generator, do not modify.
      This element was generated on Sun Jan 25 19:11:11 CST 2015.
    -->
    delete from user_notice
    where id = #{id,jdbcType=INTEGER}
  </delete>
  <delete id="deleteByExample" parameterType="com.smartcommunity.pojo.UserNoticeExample" >
    <!--
      WARNING - @mbggenerated
      This element is automatically generated by MyBatis Generator, do not modify.
      This element was generated on Sun Jan 25 19:11:11 CST 2015.
    -->
    delete from user_notice
    <if test="_parameter != null" >
      <include refid="Example_Where_Clause" />
    </if>
  </delete>
  <insert id="insert" parameterType="com.smartcommunity.pojo.UserNotice" >
    <!--
      WARNING - @mbggenerated
      This element is automatically generated by MyBatis Generator, do not modify.
      This element was generated on Sun Jan 25 19:11:11 CST 2015.
    -->
    insert into user_notice (id, roomnumber, noticeid, 
      isread)
    values (#{id,jdbcType=INTEGER}, #{roomnumber,jdbcType=VARCHAR}, #{noticeid,jdbcType=INTEGER}, 
      #{isread,jdbcType=BIT})
  </insert>
  <insert id="insertSelective" parameterType="com.smartcommunity.pojo.UserNotice" >
    <!--
      WARNING - @mbggenerated
      This element is automatically generated by MyBatis Generator, do not modify.
      This element was generated on Sun Jan 25 19:11:11 CST 2015.
    -->
    insert into user_notice
    <trim prefix="(" suffix=")" suffixOverrides="," >
      <if test="id != null" >
        id,
      </if>
      <if test="roomnumber != null" >
        roomnumber,
      </if>
      <if test="noticeid != null" >
        noticeid,
      </if>
      <if test="isread != null" >
        isread,
      </if>
    </trim>
    <trim prefix="values (" suffix=")" suffixOverrides="," >
      <if test="id != null" >
        #{id,jdbcType=INTEGER},
      </if>
      <if test="roomnumber != null" >
        #{roomnumber,jdbcType=VARCHAR},
      </if>
      <if test="noticeid != null" >
        #{noticeid,jdbcType=INTEGER},
      </if>
      <if test="isread != null" >
        #{isread,jdbcType=BIT},
      </if>
    </trim>
  </insert>
  <select id="countByExample" parameterType="com.smartcommunity.pojo.UserNoticeExample" resultType="java.lang.Integer" >
    <!--
      WARNING - @mbggenerated
      This element is automatically generated by MyBatis Generator, do not modify.
      This element was generated on Sun Jan 25 19:11:11 CST 2015.
    -->
    select count(*) from user_notice
    <if test="_parameter != null" >
      <include refid="Example_Where_Clause" />
    </if>
  </select>
  <update id="updateByExampleSelective" parameterType="map" >
    <!--
      WARNING - @mbggenerated
      This element is automatically generated by MyBatis Generator, do not modify.
      This element was generated on Sun Jan 25 19:11:11 CST 2015.
    -->
    update user_notice
    <set >
      <if test="record.id != null" >
        id = #{record.id,jdbcType=INTEGER},
      </if>
      <if test="record.roomnumber != null" >
        roomnumber = #{record.roomnumber,jdbcType=VARCHAR},
      </if>
      <if test="record.noticeid != null" >
        noticeid = #{record.noticeid,jdbcType=INTEGER},
      </if>
      <if test="record.isread != null" >
        isread = #{record.isread,jdbcType=BIT},
      </if>
    </set>
    <if test="_parameter != null" >
      <include refid="Update_By_Example_Where_Clause" />
    </if>
  </update>
  <update id="updateByExample" parameterType="map" >
    <!--
      WARNING - @mbggenerated
      This element is automatically generated by MyBatis Generator, do not modify.
      This element was generated on Sun Jan 25 19:11:11 CST 2015.
    -->
    update user_notice
    set id = #{record.id,jdbcType=INTEGER},
      roomnumber = #{record.roomnumber,jdbcType=VARCHAR},
      noticeid = #{record.noticeid,jdbcType=INTEGER},
      isread = #{record.isread,jdbcType=BIT}
    <if test="_parameter != null" >
      <include refid="Update_By_Example_Where_Clause" />
    </if>
  </update>
  <update id="updateByPrimaryKeySelective" parameterType="com.smartcommunity.pojo.UserNotice" >
    <!--
      WARNING - @mbggenerated
      This element is automatically generated by MyBatis Generator, do not modify.
      This element was generated on Sun Jan 25 19:11:11 CST 2015.
    -->
    update user_notice
    <set >
      <if test="roomnumber != null" >
        roomnumber = #{roomnumber,jdbcType=VARCHAR},
      </if>
      <if test="noticeid != null" >
        noticeid = #{noticeid,jdbcType=INTEGER},
      </if>
      <if test="isread != null" >
        isread = #{isread,jdbcType=BIT},
      </if>
    </set>
    where id = #{id,jdbcType=INTEGER}
  </update>
  <update id="updateByPrimaryKey" parameterType="com.smartcommunity.pojo.UserNotice" >
    <!--
      WARNING - @mbggenerated
      This element is automatically generated by MyBatis Generator, do not modify.
      This element was generated on Sun Jan 25 19:11:11 CST 2015.
    -->
    update user_notice
    set roomnumber = #{roomnumber,jdbcType=VARCHAR},
      noticeid = #{noticeid,jdbcType=INTEGER},
      isread = #{isread,jdbcType=BIT}
    where id = #{id,jdbcType=INTEGER}
  </update>
  <!-- add_y -->
  <insert id="insertMulti" parameterType="java.util.List">  
    <selectKey resultType="long" keyProperty="id" order="AFTER">  
        SELECT  
        LAST_INSERT_ID()  
    </selectKey>  
    insert into user_notice (roomnumber,noticeid,isread)   
    values  
    <foreach collection="list" item="item" index="index" separator="," >  
        (#{item.roomnumber},#{item.noticeid},#{item.isread})  
    </foreach>  
</insert>  

  <!-- addend_y -->
</mapper>