<?xml version="1.0" encoding="UTF-8" ?>
<!DOCTYPE mapper PUBLIC "-//mybatis.org//DTD Mapper 3.0//EN" "http://mybatis.org/dtd/mybatis-3-mapper.dtd" >
<mapper namespace="com.smartcommunity.mapper.UserpassMapper" >
  <resultMap id="BaseResultMap" type="com.smartcommunity.pojo.Userpass" >
    <!--
      WARNING - @mbggenerated
      This element is automatically generated by MyBatis Generator, do not modify.
      This element was generated on Tue Jan 20 16:35:08 CST 2015.
    -->
    <id column="id" property="id" jdbcType="INTEGER" />
    <result column="name" property="name" jdbcType="VARCHAR" />
    <result column="password" property="password" jdbcType="VARCHAR" />
    <result column="salt" property="salt" jdbcType="VARCHAR" />
  </resultMap>
  <sql id="Example_Where_Clause" >
    <!--
      WARNING - @mbggenerated
      This element is automatically generated by MyBatis Generator, do not modify.
      This element was generated on Tue Jan 20 16:35:08 CST 2015.
    -->
    <where >
      <foreach collection="oredCriteria" item="criteria" separator="or" >
        <if test="criteria.valid" >
          <trim prefix="(" suffix=")" prefixOverrides="and" >
            <foreach collection="criteria.criteria" item="criterion" >
              <choose >
                <when test="criterion.noValue" >
                  and ${criterion.condition}
                </when>
                <when test="criterion.singleValue" >
                  and ${criterion.condition} #{criterion.value}
                </when>
                <when test="criterion.betweenValue" >
                  and ${criterion.condition} #{criterion.value} and #{criterion.secondValue}
                </when>
                <when test="criterion.listValue" >
                  and ${criterion.condition}
                  <foreach collection="criterion.value" item="listItem" open="(" close=")" separator="," >
                    #{listItem}
                  </foreach>
                </when>
              </choose>
            </foreach>
          </trim>
        </if>
      </foreach>
    </where>
  </sql>
  <sql id="Update_By_Example_Where_Clause" >
    <!--
      WARNING - @mbggenerated
      This element is automatically generated by MyBatis Generator, do not modify.
      This element was generated on Tue Jan 20 16:35:08 CST 2015.
    -->
    <where >
      <foreach collection="example.oredCriteria" item="criteria" separator="or" >
        <if test="criteria.valid" >
          <trim prefix="(" suffix=")" prefixOverrides="and" >
            <foreach collection="criteria.criteria" item="criterion" >
              <choose >
                <when test="criterion.noValue" >
                  and ${criterion.condition}
                </when>
                <when test="criterion.singleValue" >
                  and ${criterion.condition} #{criterion.value}
                </when>
                <when test="criterion.betweenValue" >
                  and ${criterion.condition} #{criterion.value} and #{criterion.secondValue}
                </when>
                <when test="criterion.listValue" >
                  and ${criterion.condition}
                  <foreach collection="criterion.value" item="listItem" open="(" close=")" separator="," >
                    #{listItem}
                  </foreach>
                </when>
              </choose>
            </foreach>
          </trim>
        </if>
      </foreach>
    </where>
  </sql>
  <sql id="Base_Column_List" >
    <!--
      WARNING - @mbggenerated
      This element is automatically generated by MyBatis Generator, do not modify.
      This element was generated on Tue Jan 20 16:35:08 CST 2015.
    -->
    id, name, password, salt
  </sql>
  <select id="selectByExample" resultMap="BaseResultMap" parameterType="com.smartcommunity.pojo.UserpassExample" >
    <!--
      WARNING - @mbggenerated
      This element is automatically generated by MyBatis Generator, do not modify.
      This element was generated on Tue Jan 20 16:35:08 CST 2015.
    -->
    select
    <if test="distinct" >
      distinct
    </if>
    <include refid="Base_Column_List" />
    from userpass
    <if test="_parameter != null" >
      <include refid="Example_Where_Clause" />
    </if>
    <if test="orderByClause != null" >
      order by ${orderByClause}
    </if>
  </select>
  <select id="selectByPrimaryKey" resultMap="BaseResultMap" parameterType="java.lang.Integer" >
    <!--
      WARNING - @mbggenerated
      This element is automatically generated by MyBatis Generator, do not modify.
      This element was generated on Tue Jan 20 16:35:08 CST 2015.
    -->
    select 
    <include refid="Base_Column_List" />
    from userpass
    where id = #{id,jdbcType=INTEGER}
  </select>
  <delete id="deleteByPrimaryKey" parameterType="java.lang.Integer" >
    <!--
      WARNING - @mbggenerated
      This element is automatically generated by MyBatis Generator, do not modify.
      This element was generated on Tue Jan 20 16:35:08 CST 2015.
    -->
    delete from userpass
    where id = #{id,jdbcType=INTEGER}
  </delete>
  <delete id="deleteByExample" parameterType="com.smartcommunity.pojo.UserpassExample" >
    <!--
      WARNING - @mbggenerated
      This element is automatically generated by MyBatis Generator, do not modify.
      This element was generated on Tue Jan 20 16:35:08 CST 2015.
    -->
    delete from userpass
    <if test="_parameter != null" >
      <include refid="Example_Where_Clause" />
    </if>
  </delete>
  <!-- modify_y -->
  <insert id="insert" parameterType="com.smartcommunity.pojo.Userpass" useGeneratedKeys="true" keyProperty="id">
    <!--
      WARNING - @mbggenerated
      This element is automatically generated by MyBatis Generator, do not modify.
      This element was generated on Tue Jan 20 16:35:08 CST 2015.
    -->
    insert into userpass (id, name, password, 
      salt)
    values (#{id,jdbcType=INTEGER}, #{name,jdbcType=VARCHAR}, #{password,jdbcType=VARCHAR}, 
      #{salt,jdbcType=VARCHAR})
  </insert>
  <!-- modify_y -->
  <insert id="insertSelective" parameterType="com.smartcommunity.pojo.Userpass" useGeneratedKeys="true" keyProperty="id">
    <!--
      WARNING - @mbggenerated
      This element is automatically generated by MyBatis Generator, do not modify.
      This element was generated on Tue Jan 20 16:35:08 CST 2015.
    -->
    insert into userpass
    <trim prefix="(" suffix=")" suffixOverrides="," >
      <if test="id != null" >
        id,
      </if>
      <if test="name != null" >
        name,
      </if>
      <if test="password != null" >
        password,
      </if>
      <if test="salt != null" >
        salt,
      </if>
    </trim>
    <trim prefix="values (" suffix=")" suffixOverrides="," >
      <if test="id != null" >
        #{id,jdbcType=INTEGER},
      </if>
      <if test="name != null" >
        #{name,jdbcType=VARCHAR},
      </if>
      <if test="password != null" >
        #{password,jdbcType=VARCHAR},
      </if>
      <if test="salt != null" >
        #{salt,jdbcType=VARCHAR},
      </if>
    </trim>
  </insert>
  <select id="countByExample" parameterType="com.smartcommunity.pojo.UserpassExample" resultType="java.lang.Integer" >
    <!--
      WARNING - @mbggenerated
      This element is automatically generated by MyBatis Generator, do not modify.
      This element was generated on Tue Jan 20 16:35:08 CST 2015.
    -->
    select count(*) from userpass
    <if test="_parameter != null" >
      <include refid="Example_Where_Clause" />
    </if>
  </select>
  <update id="updateByExampleSelective" parameterType="map" >
    <!--
      WARNING - @mbggenerated
      This element is automatically generated by MyBatis Generator, do not modify.
      This element was generated on Tue Jan 20 16:35:08 CST 2015.
    -->
    update userpass
    <set >
      <if test="record.id != null" >
        id = #{record.id,jdbcType=INTEGER},
      </if>
      <if test="record.name != null" >
        name = #{record.name,jdbcType=VARCHAR},
      </if>
      <if test="record.password != null" >
        password = #{record.password,jdbcType=VARCHAR},
      </if>
      <if test="record.salt != null" >
        salt = #{record.salt,jdbcType=VARCHAR},
      </if>
    </set>
    <if test="_parameter != null" >
      <include refid="Update_By_Example_Where_Clause" />
    </if>
  </update>
  <update id="updateByExample" parameterType="map" >
    <!--
      WARNING - @mbggenerated
      This element is automatically generated by MyBatis Generator, do not modify.
      This element was generated on Tue Jan 20 16:35:08 CST 2015.
    -->
    update userpass
    set id = #{record.id,jdbcType=INTEGER},
      name = #{record.name,jdbcType=VARCHAR},
      password = #{record.password,jdbcType=VARCHAR},
      salt = #{record.salt,jdbcType=VARCHAR}
    <if test="_parameter != null" >
      <include refid="Update_By_Example_Where_Clause" />
    </if>
  </update>
  <update id="updateByPrimaryKeySelective" parameterType="com.smartcommunity.pojo.Userpass" >
    <!--
      WARNING - @mbggenerated
      This element is automatically generated by MyBatis Generator, do not modify.
      This element was generated on Tue Jan 20 16:35:08 CST 2015.
    -->
    update userpass
    <set >
      <if test="name != null" >
        name = #{name,jdbcType=VARCHAR},
      </if>
      <if test="password != null" >
        password = #{password,jdbcType=VARCHAR},
      </if>
      <if test="salt != null" >
        salt = #{salt,jdbcType=VARCHAR},
      </if>
    </set>
    where id = #{id,jdbcType=INTEGER}
  </update>
  <update id="updateByPrimaryKey" parameterType="com.smartcommunity.pojo.Userpass" >
    <!--
      WARNING - @mbggenerated
      This element is automatically generated by MyBatis Generator, do not modify.
      This element was generated on Tue Jan 20 16:35:08 CST 2015.
    -->
    update userpass
    set name = #{name,jdbcType=VARCHAR},
      password = #{password,jdbcType=VARCHAR},
      salt = #{salt,jdbcType=VARCHAR}
    where id = #{id,jdbcType=INTEGER}
  </update>
  <!-- add -->
    <sql id="UserpassAndRoles" >
    <!--
      WARNING - @mbggenerated
      This element is automatically generated by MyBatis Generator, do not modify.
      This element was generated on Tue Jan 20 16:35:08 CST 2015.
    -->
    userpass.id as userpass_id, userpass.name as userpass_name, userpass.password as userpass_password, userpass.salt userpass_salt,
    userrolejoin.id join_id, userrolejoin.userpassid as join_userpassid, userrolejoin.roleid as join_roleid
  </sql>
   <resultMap id="UserRoleJoinBaseResultMap" type="com.smartcommunity.pojo.Userrolejoin" >
    <!--
      WARNING - @mbggenerated
      This element is automatically generated by MyBatis Generator, do not modify.
      This element was generated on Tue Jan 20 16:35:08 CST 2015.
    -->
    <id column="id" property="id" jdbcType="INTEGER" />
    <result column="userpassid" property="userpassid" jdbcType="INTEGER" />
    <result column="roleid" property="roleid" jdbcType="INTEGER" />
  </resultMap>
    <resultMap id="UserpassBaseResultMap" type="com.smartcommunity.pojo.Userpass" >
    <!--
      WARNING - @mbggenerated
      This element is automatically generated by MyBatis Generator, do not modify.
      This element was generated on Tue Jan 20 16:35:08 CST 2015.
    -->
    <id column="userpass_id" property="id" jdbcType="INTEGER" />
    <result column="userpass_name" property="name" jdbcType="VARCHAR" />
    <result column="userpass_password" property="password" jdbcType="VARCHAR" />
    <result column="userpass_salt" property="salt" jdbcType="VARCHAR" />  
    <collection property="roles" ofType="com.smartcommunity.pojo.Userrolejoin" resultMap="UserRoleJoinBaseResultMap" columnPrefix="join_"/>
  </resultMap>
  
     <select id="selectUserpassAndRolesByExample" resultMap="UserpassBaseResultMap" >

    select 
    <include refid="UserpassAndRoles" />
    from userpass
    left outer join userrolejoin on userrolejoin.userpassid = userpass.id 
    <if test="_parameter != null" >
      <include refid="Update_By_Example_Where_Clause" />
    </if>
 
  </select>
  <!-- addend -->
</mapper>